1, 1, 1
0.986957, 1.25865, 0.981806
1.00274, 1.51508, 0.966776
1.04371, 1.77661, 0.955148
1.10741, 2.04968, 0.947396
1.19236, 2.3401, 0.944215
1.29788, 2.65333, 0.946532
1.42394, 2.99462, 0.955542
1.57107, 3.36923, 0.972755
1.7403, 3.7825, 1.00007
1.93309, 4.23996, 1.03985
2.15133, 4.74743, 1.09507
2.39731, 5.31102, 1.16943
2.67369, 5.93724, 1.26752
2.98354, 6.63292, 1.39506
3.3303, 7.40521, 1.55916
3.71777, 8.26146, 1.76861
4.15015, 9.20906, 2.03425
4.63198, 10.2551, 2.36943
5.16809, 11.4061, 2.7905
5.76355, 12.6671, 3.31732
6.42352, 14.041, 3.97392
7.1531, 15.5274, 4.78897
7.95704, 17.1207, 5.79633
8.83934, 18.808, 7.03524
9.80268, 20.5664, 8.55009
10.8477, 22.3597, 10.3895
11.9721, 24.134, 12.604
13.1689, 25.8142, 15.2424
14.4255, 27.2998, 18.3453
15.7214, 28.463, 21.9357
17.0259, 29.1499, 26.0067
18.2967, 29.1875, 30.5066
19.4781, 28.399, 35.3223
20.5007, 26.6301, 40.2676
21.284, 23.7837, 45.0798
21.7408, 19.8605, 49.4347
21.787, 14.9924, 52.9856
21.3541, 9.45421, 55.4241
20.4029, 3.63769, 56.5533
18.9364, -2.01273, 56.3466
17.0047, -7.08921, 54.9668
14.7009, -11.3022, 52.7306
12.1469, -14.5234, 50.0291
9.47298, -16.7771, 47.238
6.79929, -18.1925, 44.6505
4.2224, -18.9444, 42.4508
1.8106, -19.2041, 40.7221
-0.39437, -19.1118, 39.4721
-2.37187, -18.7681, 38.6618
-4.11585, -18.2375, 38.2277
-5.62912, -17.5568, 38.097
-6.91905, -16.7454, 38.1951
-7.99477, -15.8134, 38.4499
-8.8657, -14.7684, 38.7939
-9.541, -13.6201, 39.1652
-10.0297, -12.3831, 39.5091
-10.3409, -11.0779, 39.779
-10.485, -9.73071, 39.9379
-10.4734, -8.37199, 39.9598
-10.3198, -7.03398, 39.8299
-10.0395, -5.74817, 39.5444
-9.64986, -4.54273, 39.1095
-9.16959, -3.44038, 38.5393
-8.61814, -2.45715, 37.8537
-8.01496, -1.60184, 37.0756
-7.37877, -0.876441, 36.2285
-6.72682, -0.277035, 35.3349
-6.07438, 0.204846, 34.4148
-5.4344, 0.580793, 33.4847
-4.81736, 0.864155, 32.5575
-4.23129, 1.06889, 31.6431
-3.68188, 1.20866, 30.748
-3.17276, 1.29624, 29.8766
-2.70578, 1.34313, 29.0312
-2.2813, 1.35938, 28.2128
-1.89853, 1.35352, 27.4214
-1.55578, 1.33268, 26.6563
-1.25073, 1.30265, 25.9166
-0.98062, 1.26805, 25.2011
-0.742459, 1.23252, 24.5087
-0.533134, 1.19884, 23.8382
-0.349533, 1.16909, 23.1885
-0.188622, 1.1448, 22.5586
-0.0475016, 1.12705, 21.9475
0.0765554, 1.11659, 21.3546
0.186082, 1.11393, 20.7789
0.283406, 1.11938, 20.22
0.370653, 1.13316, 19.6773
0.44975, 1.1554, 19.1502
0.522437, 1.1862, 18.6383
0.590285, 1.22569, 18.1412
0.654709, 1.27401, 17.6586
0.716988, 1.33133, 17.19
0.778284, 1.39791, 16.7354
0.839658, 1.47408, 16.2943
0.902092, 1.56025, 15.8666
0.966502, 1.65692, 15.4522
1.03375, 1.7647, 15.0509
1.10469, 1.8843, 14.6627
1.18011, 2.01655, 14.2876
1.26084, 2.1624, 13.9256
1.34771, 2.32294, 13.5769
1.44154, 2.49937, 13.2417
1.54321, 2.69305, 12.9204
1.65364, 2.9055, 12.6133
1.7738, 3.13837, 12.3211
1.90472, 3.39349, 12.0445
2.04752, 3.67288, 11.7845
2.2034, 3.9787, 11.5422
2.37364, 4.3133, 11.3191
2.55964, 4.67923, 11.117
2.7629, 5.07917, 10.9379
2.98504, 5.51599, 10.7846
3.22782, 5.99265, 10.6602
3.4931, 6.51224, 10.5684
3.78288, 7.07785, 10.5136
4.09928, 7.6925, 10.5013
4.4445, 8.35907, 10.5378
4.82085, 9.08005, 10.6305
5.23069, 9.85741, 10.7882
5.67635, 10.6922, 11.021
6.16011, 11.5844, 11.3407
6.68408, 12.532, 11.7608
7.25005, 13.531, 12.2964
7.85933, 14.5742, 12.9644
8.51253, 15.6505, 13.7831
9.20928, 16.744, 14.7717
9.94783, 17.8327, 15.9499
10.7247, 18.8876, 17.3362
11.534, 19.872, 18.9464
12.3672, 20.7402, 20.7913
13.2122, 21.4382, 22.8734
14.0529, 21.9049, 25.1835
14.8686, 22.0741, 27.6962
15.6341, 21.8798, 30.3666
16.3195, 21.2627, 33.1272
16.8913, 20.1788, 35.8871
17.3135, 18.6091, 38.5346
17.5504, 16.5688, 40.9449
17.5696, 14.1138, 42.9917
17.3459, 11.3407, 44.563
16.8651, 8.38042, 45.5779
16.127, 5.38364, 46.0007
15.1471, 2.50147, 45.8477
13.9559, -0.134866, 45.1841
12.5964, -2.42986, 44.1128
11.119, -4.33155, 42.7556
9.57657, -5.83037, 41.2348
8.01925, -6.95096, 39.6578
6.49054, -7.74038, 38.1083
5.02509, -8.25639, 36.6434
3.64796, -8.55805, 35.2966
2.37518, -8.69952, 34.0821
1.21504, -8.72697, 33.0008
0.169629, -8.67767, 32.0449
-0.763493, -8.58047, 31.2024
-1.58994, -8.45702, 30.4597
-2.3173, -8.32306, 29.803
-2.95428, -8.18978, 29.2196
-3.51001, -8.06491, 28.6984
-3.99362, -7.95362, 28.23
-4.41394, -7.85923, 27.8066
-4.77927, -7.78371, 27.4219
-5.0973, -7.72805, 27.0707
-5.37507, -7.69259, 26.7493
-5.61894, -7.67718, 26.4547
-5.83458, -7.68132, 26.1846
-6.02706, -7.7043, 25.9374
-6.20083, -7.74523, 25.7121
-6.35978, -7.80309, 25.508
-6.50732, -7.87681, 25.3247
-6.64636, -7.96523, 25.162
-6.77939, -8.06714, 25.0202
-6.90854, -8.18129, 24.8994
-7.03556, -8.30637, 24.7999
-7.16189, -8.44103, 24.7222
-7.28868, -8.58384, 24.6668
-7.41681, -8.7333, 24.634
-7.54692, -8.88786, 24.6245
-7.67942, -9.04585, 24.6385
-7.8145, -9.20551, 24.6764
-7.95217, -9.36498, 24.7384
-8.09223, -9.52231, 24.8245
-8.2343, -9.67545, 24.9348
-8.37783, -9.82222, 25.0689
-8.52213, -9.9604, 25.2263
-8.66631, -10.0877, 25.4062
-8.80936, -10.2018, 25.6073
-8.95014, -10.3004, 25.8284
-9.08735, -10.3811, 26.0675
-9.21962, -10.442, 26.3225
-9.34546, -10.4808, 26.5909
-9.46334, -10.4959, 26.8696
-9.57168, -10.4857, 27.1554
-9.66887, -10.4492, 27.4446
-9.75336, -10.3855, 27.7333
-9.82366, -10.2946, 28.0175
-9.87836, -10.1766, 28.2928
-9.91624, -10.0325, 28.5549
-9.93625, -9.86374, 28.7998
-9.93757, -9.6722, 29.0232
-9.91966, -9.46046, 29.2216
-9.88226, -9.2315, 29.3914
-9.82545, -8.98872, 29.53
-9.74963, -8.73579, 29.6351
-9.65554, -8.47659, 29.705
-9.54424, -8.21506, 29.7387
-9.4171, -7.95513, 29.7361
-9.27576, -7.70054, 29.6973
-9.1221, -7.45479, 29.6234
-8.95817, -7.22107, 29.516
-8.78618, -7.00215, 29.377
-8.60841, -6.80039, 29.2087
-8.42717, -6.61769, 29.0139
-8.24475, -6.45548, 28.7954
-8.06338, -6.31481, 28.5562
-7.88516, -6.19629, 28.2993
-7.7121, -6.10022, 28.0278
-7.54599, -6.02656, 27.7447
-7.38848, -5.97507, 27.4527
-7.24102, -5.94529, 27.1547
-7.10486, -5.93662, 26.8532
-6.98107, -5.94838, 26.5507
-6.87052, -5.97981, 26.2495
-6.77395, -6.03015, 25.9517
-6.6919, -6.09862, 25.6595
-6.6248, -6.18447, 25.3746
-6.57294, -6.28697, 25.099
-6.53649, -6.40545, 24.8344
-6.51556, -6.53925, 24.5825
-6.51016, -6.68774, 24.3449
-6.52023, -6.85034, 24.1232
-6.54565, -7.02644, 23.9191
-6.58627, -7.21544, 23.734
-6.64186, -7.41671, 23.5696
-6.71219, -7.62957, 23.4274
-6.79697, -7.85326, 23.309
-6.89584, -8.0869, 23.216
-7.00843, -8.32951, 23.15
-7.13429, -8.57991, 23.1125
-7.27292, -8.83676, 23.105
-7.42372, -9.09847, 23.1291
-7.58602, -9.36321, 23.1861
-7.75903, -9.62886, 23.2773
-7.94184, -9.89302, 23.4039
-8.1334, -10.1529, 23.5668
-8.33249, -10.4056, 23.7664
-8.53772, -10.6475, 24.0033
-8.7475, -10.875, 24.277
-8.96005, -11.0842, 24.5871
-9.17333, -11.2707, 24.9322
-9.38513, -11.4304, 25.3102
-9.59298, -11.5586, 25.7186
-9.79423, -11.6513, 26.1537
-9.98602, -11.7041, 26.611
-10.1654, -11.7135, 27.0853
-10.3292, -11.6764, 27.5704
-10.4743, -11.5904, 28.0592
-10.5976, -11.4541, 28.5441
-10.6962, -11.2674, 29.0169
-10.7673, -11.0312, 29.4692
-10.8085, -10.7479, 29.8924
-10.8178, -10.4213, 30.2784
-10.7937, -10.0564, 30.6196
-10.7355, -9.6594, 30.9092
-10.643, -9.23747, 31.1416
-10.5168, -8.79846, 31.3126
-10.3583, -8.35062, 31.4196
-10.1694, -7.90222, 31.4614
-9.95292, -7.46124, 31.4386
-9.71217, -7.03509, 31.353
-9.45089, -6.6303, 31.208
-9.17322, -6.25241, 31.0078
-8.88346, -5.90581, 30.7575
-8.58601, -5.59373, 30.4627
-8.28519, -5.31826, 30.1293
-7.98513, -5.08046, 29.7633
-7.6897, -4.88046, 29.3703
-7.40242, -4.71766, 28.956
-7.12639, -4.59084, 28.5255
-6.8643, -4.49837, 28.0833
-6.61838, -4.43835, 27.6337
-6.39045, -4.40874, 27.1804
-6.18192, -4.40745, 26.7268
-5.99384, -4.43249, 26.2757
-5.82691, -4.48197, 25.8296
-5.68157, -4.5542, 25.3908
-5.55803, -4.64767, 24.9614
-5.45628, -4.76112, 24.5431
-5.37621, -4.8935, 24.1376
-5.31755, -5.04397, 23.7464
-5.28, -5.21192, 23.3711
-5.26321, -5.39689, 23.0132
-5.26679, -5.5986, 22.674
-5.29037, -5.81689, 22.3551
-5.3336, -6.05171, 22.058
-5.39615, -6.30307, 21.7843
-5.47773, -6.57101, 21.5358
-5.57807, -6.85558, 21.3142
-5.69696, -7.15675, 21.1217
-5.8342, -7.47443, 20.9601
-5.98959, -7.80838, 20.832
-6.16298, -8.15815, 20.7395
-6.35415, -8.52305, 20.6854
-6.56288, -8.90206, 20.6724
-6.78887, -9.29377, 20.7034
-7.03174, -9.69629, 20.7813
-7.29096, -10.1072, 20.9091
-7.56585, -10.5234, 21.0899
-7.85549, -10.9411, 21.3266
-8.15872, -11.3558, 21.6218
-8.47406, -11.7619, 21.978
-8.79964, -12.1533, 22.3968
-9.13319, -12.5225, 22.8794
-9.47194, -12.8614, 23.4257
-9.8126, -13.1612, 24.0346
-10.1513, -13.4122, 24.7032
-10.4837, -13.6046, 25.4271
-10.8048, -13.7283, 26.1996
-11.1089, -13.7737, 27.0118
-11.3902, -13.7321, 27.8524
-11.6421, -13.5965, 28.7078
-11.8583, -13.3617, 29.5622
-12.0322, -13.0257, 30.398
-12.1576, -12.5895, 31.1966
-12.2287, -12.0578, 31.9387
-12.241, -11.4393, 32.6058
-12.1908, -10.7464, 33.1807
-12.0762, -9.99453, 33.6491
-11.8968, -9.20183, 33.9998
-11.6542, -8.38788, 34.226
-11.3518, -7.57266, 34.3253
-10.9948, -6.77532, 34.2997
-10.5898, -6.01316, 34.1553
-10.1449, -5.30075, 33.9017
-9.66888, -4.64938, 33.5508
-9.171, -4.06682, 33.1162
-8.66056, -3.55736, 32.6123
-8.14646, -3.12216, 32.053
-7.63695, -2.75969, 31.4515
-7.13937, -2.46636, 30.8195
-6.65996, -2.2371, 30.1674
-6.20385, -2.06595, 29.5038
-5.77502, -1.9465, 28.8357
-5.37636, -1.87237, 28.1686
-5.00977, -1.83742, 27.5068
-4.67631, -1.83603, 26.8537
-4.37626, -1.86316, 26.2116
-4.10935, -1.91449, 25.5822
-3.87483, -1.98636, 24.9669
-3.67161, -2.07581, 24.3664
-3.49837, -2.1805, 23.7814
-3.35367, -2.29868, 23.2124
-3.23597, -2.42913, 22.6597
-3.14379, -2.57106, 22.1237
-3.07567, -2.72411, 21.6045
-3.03025, -2.88827, 21.1024
-3.0063, -3.06379, 20.6179
-3.00274, -3.25123, 20.1513
-3.01864, -3.45131, 19.703
-3.05325, -3.66499, 19.2736
-3.10596, -3.89335, 18.8638
-3.17637, -4.13763, 18.4743
-3.26421, -4.39916, 18.1061
-3.36941, -4.6794, 17.7603
-3.49202, -4.97985, 17.4381
-3.63226, -5.3021, 17.1412
-3.79049, -5.64776, 16.8714
-3.96721, -6.01844, 16.6307
-4.16302, -6.41573, 16.4217
-4.37863, -6.84114, 16.2471
-4.61485, -7.29605, 16.1103
-4.87255, -7.78166, 16.0149
-5.15266, -8.29886, 15.9654
-5.45612, -8.84815, 15.9665
-5.78384, -9.42949, 16.0237
-6.13668, -10.0421, 16.1433
-6.51535, -10.6844, 16.3319
-6.9204, -11.3536, 16.597
-7.35206, -12.0454, 16.9465
-7.81022, -12.7539, 17.3888
-8.29421, -13.4711, 17.9325
-8.80274, -14.1866, 18.586
-9.33368, -14.8872, 19.3573
-9.88389, -15.5567, 20.2529
-10.449, -16.1758, 21.2778
-11.0233, -16.7219, 22.4338
-11.5994, -17.1695, 23.7186
-12.168, -17.491, 25.125
-12.7182, -17.6574, 26.6388
-13.2371, -17.6403, 28.2387
-13.71, -17.4141, 29.8946
-14.1207, -16.9583, 31.5684
-14.4525, -16.2607, 33.2138
-14.6883, -15.3204, 34.7789
-14.8124, -14.1495, 36.209
-14.8108, -12.7747, 37.4506
-14.6736, -11.2367, 38.4564
-14.3953, -9.58797, 39.1899
-13.9761, -7.88852, 39.6296
-13.4223, -6.20054, 39.7714
-12.7463, -4.58266, 39.6281
-11.9656, -3.08463, 39.2281
-11.1019, -1.74365, 38.6108
-10.1791, -0.582523, 37.822
-9.22174, 0.390071, 36.9085
-8.25335, 1.17771, 35.9144
-7.29511, 1.79334, 34.8775
-6.36495, 2.2561, 33.8283
-5.47707, 2.58836, 32.7895
-4.64193, 2.81324, 31.7767
-3.86639, 2.95296, 30.7996
-3.1542, 3.02767, 29.8632
-2.50643, 3.05497, 28.9693
-1.92207, 3.04968, 28.1173
-1.39854, 3.024, 27.3054
-0.932095, 2.9877, 26.5311
-0.518265, 2.94848, 25.7916
-0.152145, 2.91227, 25.0841
0.171353, 2.88355, 24.4062
0.457317, 2.86567, 23.7556
0.710698, 2.86105, 23.1304
0.93622, 2.87145, 22.529
1.13832, 2.89809, 21.9502
1.32113, 2.94187, 21.3928
1.48843, 3.0034, 20.856
1.6437, 3.08319, 20.3395
1.7901, 3.18165, 19.8426
1.93051, 3.2992, 19.3653
2.06753, 3.43628, 18.9075
2.20357, 3.59342, 18.4693
2.34079, 3.77123, 18.051
2.48122, 3.97045, 17.6531
2.62673, 4.19192, 17.2762
2.77907, 4.43662, 16.921
2.93992, 4.70568, 16.5887
3.11089, 5.00032, 16.2805
3.29353, 5.32189, 15.9981
3.48938, 5.67181, 15.7431
3.69996, 6.05158, 15.518
3.92679, 6.46273, 15.3252
4.17138, 6.90675, 15.1679
4.43525, 7.38505, 15.0497
4.71992, 7.89888, 14.9747
5.02688, 8.44921, 14.9478
5.35761, 9.03661, 14.9744
5.71349, 9.66108, 15.0607
6.09581, 10.3218, 15.2138
6.50569, 11.0171, 15.4415
6.944, 11.7438, 15.7524
7.41129, 12.4972, 16.1558
7.90762, 13.2704, 16.6617
8.43248, 14.0544, 17.2803
8.98458, 14.8369, 18.0216
9.56163, 15.6024, 18.8953
10.1602, 16.3319, 19.9095
10.7753, 17.0022, 21.07
11.4003, 17.5862, 22.3791
12.0266, 18.0535, 23.8341
12.6434, 18.3706, 25.4255
13.2378, 18.5029, 27.1359
13.7942, 18.4169, 28.9383
14.2954, 18.0827, 30.7952
14.7223, 17.4778, 32.6586
15.0548, 16.5909, 34.4713
15.2733, 15.4255, 36.1698
15.3596, 14.0021, 37.6885
15.2988, 12.3597, 38.9654
15.0805, 10.5538, 39.9486
14.7008, 8.65288, 40.6022
14.1629, 6.73175, 40.9108
13.4776, 4.86446, 40.881
12.6626, 3.11672, 40.5403
11.7414, 1.54004, 39.9327
10.7411, 0.16823, 39.1123
9.69077, -0.983182, 38.1372
8.61862, -1.9151, 37.0626
7.55062, -2.64134, 35.9369
6.50904, -3.18436, 34.7988
5.51167, -3.5713, 33.6773
4.57171, -3.83055, 32.5917
3.69795, -3.98942, 31.5536
2.89523, -4.07263, 30.5685
2.16518, -4.10156, 29.6376
1.50679, -4.0941, 28.7596
0.917124, -4.06479, 27.9311
0.391869, -4.02517, 27.1485
-0.0741805, -3.98422, 26.4077
-0.48674, -3.94878, 25.7049
-0.851732, -3.92397, 25.0367
-1.17507, -3.91353, 24.4001
-1.4625, -3.92019, 23.7927
-1.71947, -3.94585, 23.2125
-1.95113, -3.99184, 22.658
-2.16221, -4.05908, 22.1281
-2.35708, -4.14821, 21.622
-2.53972, -4.25969, 21.1392
-2.71374, -4.3939, 20.6796
-2.88242, -4.5512, 20.2432
-3.04874, -4.73194, 19.8303
-3.21538, -4.93655, 19.4415
-3.3848, -5.16549, 19.0776
-3.55925, -5.41932, 18.7396
-3.74077, -5.69864, 18.4288
-3.93128, -6.00412, 18.1468
-4.13254, -6.33646, 17.8954
-4.34622, -6.69635, 17.6768
-4.57387, -7.08446, 17.4936
-4.81697, -7.50133, 17.3488
-5.0769, -7.94733, 17.2457
-5.35494, -8.4226, 17.1881
-5.65227, -8.92688, 17.1803
-5.96996, -9.45946, 17.2272
-6.3089, -10.0189, 17.3341
-6.66978, -10.6031, 17.5067
-7.05306, -11.2089, 17.7514
-7.45885, -11.8316, 18.0746
-7.88686, -12.4655, 18.4831
-8.3363, -13.1029, 18.9838
-8.80573, -13.734, 19.5831
-9.29299, -14.3469, 20.2867
-9.79497, -14.9275, 21.0992
-10.3076, -15.4589, 22.0233
-10.8254, -15.9221, 23.059
-11.3418, -16.296, 24.2029
-11.8486, -16.558, 25.4471
-12.3363, -16.6851, 26.7785
-12.7938, -16.6551, 28.1781
-13.2088, -16.4483, 29.6204
-13.568, -16.0494, 31.0735
-13.8576, -15.4498, 32.4998
-14.0638, -14.6495, 33.8576
-14.174, -13.6585, 35.1032
-14.1772, -12.4977, 36.1942
-14.0654, -11.1986, 37.0927
-13.8341, -9.80158, 37.7685
-13.4833, -8.35299, 38.2028
-13.0178, -6.90153, 38.3889
-12.4468, -5.49405, 38.3336
-11.7839, -4.17174, 38.0553
-11.046, -2.96717, 37.5816
-10.2522, -1.90258, 36.9465
-9.42232, -0.989509, 36.1859
-8.57592, -0.229757, 35.3353
-7.73111, 0.382928, 34.4265
-6.90373, 0.860661, 33.4869
-6.10691, 1.21922, 32.5379
-5.35084, 1.47612, 31.5958
-4.64281, 1.64904, 30.6717
-3.98745, 1.75476, 29.773
-3.38709, 1.8085, 28.9037
-2.8421, 1.82351, 28.0654
-2.35131, 1.81107, 27.2585
-1.91241, 1.78046, 26.4821
-1.52224, 1.73922, 25.7348
-1.17713, 1.69328, 25.015
-0.873081, 1.64724, 24.3209
-0.605967, 1.60461, 23.651
-0.371692, 1.56796, 23.0037
-0.166278, 1.53918, 22.3776
0.0140645, 1.51956, 21.7716
0.172885, 1.51, 21.1846
0.31347, 1.51109, 20.6158
0.438837, 1.52319, 20.0644
0.551729, 1.54656, 19.5297
0.654635, 1.58136, 19.0113
0.749798, 1.62773, 18.5086
0.839242, 1.68583, 18.0213
0.924792, 1.75586, 17.5491
1.0081, 1.83809, 17.0917
1.09067, 1.9329, 16.6489
1.17388, 2.04073, 16.2206
1.259, 2.16218, 15.8067
1.34723, 2.29793, 15.4073
1.43971, 2.44884, 15.0224
1.53754, 2.61586, 14.6523
1.6418, 2.80012, 14.2971
1.75356, 3.00289, 13.9573
1.87391, 3.22559, 13.6335
2.00398, 3.46982, 13.3263
2.1449, 3.73733, 13.0366
2.29791, 4.03004, 12.7655
2.46427, 4.35003, 12.5143
2.64534, 4.69954, 12.2847
2.84257, 5.08099, 12.0786
3.05749, 5.4969, 11.8985
3.29173, 5.94991, 11.7473
3.54703, 6.44275, 11.6284
3.82523, 6.97815, 11.546
4.12826, 7.55878, 11.5048
4.45815, 8.18713, 11.5105
4.81699, 8.86538, 11.5701
5.20688, 9.5952, 11.6912
5.62994, 10.3775, 11.883
6.0882, 11.2121, 12.156
6.58352, 12.0973, 12.522
7.11751, 13.0295, 12.9945
7.69133, 14.0024, 13.5883
8.30552, 15.0064, 14.3194
8.95975, 16.0276, 15.2049
9.65252, 17.0473, 16.2617
10.3808, 18.0408, 17.5064
11.1396, 18.9763, 18.9531
11.9216, 19.8152, 20.612
12.7163, 20.5113, 22.4866
13.51, 21.012, 24.5706
14.2852, 21.2602, 26.8453
15.02, 21.1976, 29.2753
15.689, 20.7701, 31.8068
16.263, 19.9344, 34.3658
16.7105, 18.6663, 36.8598
16.9995, 16.9678, 39.1828
17.1001, 14.8743, 41.2233
16.9872, 12.4558, 42.877
16.6444, 9.81468, 44.0602
16.0662, 7.07555, 44.7227
15.2604, 4.3713, 44.8565
14.2481, 1.82609, 44.4967
13.0624, -0.45975, 43.7159
11.7451, -2.41978, 42.611
10.3424, -4.02445, 41.2884
8.90058, -5.2775, 39.8491
7.46191, -6.20785, 38.3785
6.06209, -6.85982, 36.9412
4.72883, -7.28414, 35.5803
3.48159, -7.53108, 34.3204
2.33234, -7.64618, 33.1714
1.28664, -7.6681, 32.1331
0.345067, -7.62822, 31.199
-0.495534, -7.55105, 30.3597
-1.24086, -7.45518, 29.6041
-1.8982, -7.35435, 28.9217
-2.47576, -7.25849, 28.3026
-2.98204, -7.17458, 27.7383
-3.42553, -7.10736, 27.2215
-3.81441, -7.05993, 26.7465
-4.15639, -7.03418, 26.3086
-4.45861, -7.0311, 25.9041
-4.7276, -7.05103, 25.5303
-4.96928, -7.09387, 25.1853
-5.18894, -7.15918, 24.8678
-5.39129, -7.24628, 24.5769
-5.58047, -7.35434, 24.3124
-5.76012, -7.4824, 24.0741
-5.9334, -7.62938, 23.8624
-6.10302, -7.79416, 23.6778
-6.27129, -7.97549, 23.5209
-6.44017, -8.17205, 23.3926
-6.61126, -8.38242, 23.2939
-6.78586, -8.60505, 23.226
-6.96497, -8.83821, 23.1898
-7.14932, -9.08004, 23.1867
-7.33937, -9.32843, 23.2176
-7.53532, -9.58108, 23.2838
-7.73714, -9.83538, 23.3863
-7.94452, -10.0885, 23.5258
-8.1569, -10.3372, 23.7029
-8.37347, -10.5781, 23.9181
-8.59315, -10.8074, 24.1711
-8.8146, -11.0211, 24.4615
-9.0362, -11.2149, 24.7882
-9.25606, -11.3843, 25.1495
-9.47204, -11.5249, 25.5429
-9.68173, -11.6322, 25.9652
-9.88252, -11.7019, 26.4122
-10.0716, -11.7299, 26.8791
-10.246, -11.7129, 27.3599
-10.4026, -11.648, 27.848
-10.5384, -11.5334, 28.3359
-10.6505, -11.3683, 28.8156
-10.7359, -11.1531, 29.2787
-10.7922, -10.8895, 29.7166
-10.8172, -10.5806, 30.1209
-10.8092, -10.231, 30.4837
-10.767, -9.84625, 30.7978
-10.6904, -9.43321, 31.0569
-10.5795, -8.99947, 31.2562
-10.4354, -8.55316, 31.3923
-10.2598, -8.1026, 31.4634
-10.0551, -7.65598, 31.4693
-9.8245, -7.22101, 31.4112
-9.57152, -6.80468, 31.292
-9.30018, -6.41301, 31.1153
-9.01473, -6.05092, 30.8861
-8.71957, -5.72217, 30.6097
-8.41908, -5.42936, 30.292
-8.11751, -5.17398, 29.9389
-7.81888, -4.95656, 29.5564
-7.52688, -4.77681, 29.15
-7.24482, -4.63373, 28.7251
-6.97557, -4.52587, 28.2866
-6.72158, -4.4514, 27.8388
-6.48487, -4.40832, 27.3858
-6.26701, -4.39454, 26.931
-6.06921, -4.408, 26.4775
-5.89233, -4.44675, 26.0279
-5.73692, -4.509, 25.5847
-5.60328, -4.59315, 25.15
-5.49149, -4.69783, 24.7257
-5.40148, -4.82188, 24.3134
-5.33304, -4.96438, 23.9148
-5.28589, -5.1246, 23.5314
-5.25967, -5.30203, 23.1647
-5.25402, -5.49631, 22.8161
-5.26856, -5.70723, 22.4871
-5.30292, -5.93471, 22.1792
-5.35676, -6.17873, 21.8941
-5.42977, -6.43932, 21.6332
-5.52168, -6.71655, 21.3985
-5.63224, -7.01043, 21.1919
-5.76126, -7.32093, 21.0153
-5.90853, -7.64786, 20.8711
-6.0739, -7.9909, 20.7614
-6.25717, -8.34949, 20.689
-6.45813, -8.72276, 20.6563
-6.67654, -9.1095, 20.6664
-6.91205, -9.50807, 20.722
-7.16421, -9.91629, 20.8263
-7.43242, -10.3314, 20.9822
-7.71587, -10.75, 21.1927
-8.01355, -11.1678, 21.4608
-8.32411, -11.5798, 21.7888
-8.64588, -11.98, 22.179
-8.97679, -12.3617, 22.6327
-9.31429, -12.717, 23.1505
-9.65535, -13.0374, 23.7317
-9.99639, -13.3135, 24.3746
-10.3332, -13.5354, 25.0752
-10.6611, -13.6931, 25.828
-10.9748, -13.7768, 26.6252
-11.2684, -13.7771, 27.4565
-11.5357, -13.6861, 28.3095
-11.7702, -13.4977, 29.1691
-11.9653, -13.2082, 30.0186
-12.1146, -12.8172, 30.8396
-12.212, -12.3277, 31.613
-12.2525, -11.7464, 32.3196
-12.2318, -11.0842, 32.9414
-12.1472, -10.3551, 33.4627
-11.9975, -9.5764, 33.8705
-11.7833, -8.76708, 34.1561
-11.5074, -7.94722, 34.3147
-11.1739, -7.1366, 34.3465
-10.7891, -6.3536, 34.2558
-10.3603, -5.61421, 34.0505
-9.89619, -4.93134, 33.7419
-9.40578, -4.31444, 33.343
-8.89848, -3.76939, 32.868
-8.38346, -3.29874, 32.331
-7.86935, -2.9021, 31.7458
-7.36395, -2.57674, 31.1249
-6.87405, -2.31815, 30.4793
-6.40532, -2.12066, 29.8185
-5.96226, -1.97799, 29.1503
-5.54828, -1.88365, 28.4807
-5.16572, -1.83132, 27.8148
-4.81599, -1.8151, 27.1562
-4.49972, -1.82965, 26.5076
-4.21686, -1.87028, 25.8712
-3.96687, -1.93301, 25.2483
-3.74877, -2.01455, 24.6399
-3.56134, -2.11228, 24.0469
-3.40316, -2.22417, 23.4696
-3.27273, -2.34876, 22.9085
-3.16852, -2.48506, 22.3639
-3.08903, -2.63254, 21.836
-3.03286, -2.791, 21.3252
-2.99871, -2.9606, 20.8317
-2.98541, -3.14175, 20.3559
-2.99195, -3.3351, 19.8982
-3.0175, -3.54151, 19.459
-3.06138, -3.762, 19.039
-3.12308, -3.99775, 18.6389
-3.20227, -4.25005, 18.2595
-3.29879, -4.5203, 17.9019
-3.41263, -4.80999, 17.5673
-3.54393, -5.12068, 17.257
-3.69298, -5.45398, 16.9727
-3.86022, -5.8115, 16.7165
-4.0462, -6.19487, 16.4905
-4.25159, -6.60565, 16.2973
-4.47716, -7.04533, 16.1401
-4.72376, -7.51521, 16.0223
-4.99229, -8.01636, 15.948
-5.28371, -8.54955, 15.9217
-5.59895, -9.11503, 15.9486
-5.93892, -9.71248, 16.0344
-6.30443, -10.3408, 16.1858
-6.69614, -10.9978, 16.4097
-7.11446, -11.6801, 16.7139
-7.5595, -12.3826, 17.1066
-8.03092, -13.0987, 17.5963
-8.52777, -13.819, 18.1917
-9.04841, -14.532, 18.9011
-9.59027, -15.223, 19.7321
-10.1497, -15.8744, 20.6905
-10.7216, -16.4651, 21.78
-11.2996, -16.971, 23.0008
-11.8753, -17.3654, 24.3484
-12.4388, -17.6196, 25.8126
-12.9781, -17.7046, 27.3758
-13.4793, -17.5927, 29.0127
-13.9269, -17.2601, 30.6892
-14.3044, -16.6898, 32.363
-14.5946, -15.8743, 33.9844
-14.7808, -14.8186, 35.4996
-14.8478, -13.5418, 36.8534
-14.7834, -12.0774, 37.9941
-14.5794, -10.4726, 38.8789
-14.2329, -8.78427, 39.4776
-13.7471, -7.07465, 39.7767
-13.1311, -5.40542, 39.7802
-12.4001, -3.83198, 39.509
-11.5738, -2.39878, 38.9975
-10.6754, -1.13644, 38.2893
-9.72929, -0.0609579, 37.4315
-8.76002, 0.825188, 36.4705
-7.79022, 1.53057, 35.4479
-6.83972, 2.07167, 34.3984
-5.92479, 2.46969, 33.3488
-5.05789, 2.74782, 32.3184
-4.24774, 2.92909, 31.3198
-3.49966, 3.03498, 30.3603
-2.81603, 3.08457, 29.4431
-2.19686, 3.0942, 28.5687
-1.64029, 3.07748, 27.7358
-1.14308, 3.04545, 26.9421
-0.701082, 3.00689, 26.1849
-0.309536, 2.96861, 25.4614
0.0366069, 2.93582, 24.7689
0.342486, 2.91244, 24.1049
0.613166, 2.90134, 23.4674
0.853524, 2.90461, 22.8546
1.06818, 2.92372, 22.265
1.26143, 2.95973, 21.6975
1.43728, 3.01338, 21.1512
1.59937, 3.08523, 20.6254
1.75104, 3.17573, 20.1197
1.89533, 3.28529, 19.6337
2.03499, 3.41435, 19.1673
2.17254, 3.56337, 18.7206
2.31028, 3.73294, 18.2938
2.4503, 3.92372, 17.8874
2.59457, 4.1365, 17.5018
2.74491, 4.3722, 17.1378
2.90304, 4.63187, 16.7963
3.0706, 4.91667, 16.4786
3.24919, 5.22788, 16.1862
3.44035, 5.56688, 15.9207
3.64562, 5.93512, 15.6843
3.86651, 6.33407, 15.4794
4.10453, 6.76523, 15.3089
4.36121, 7.23, 15.1763
4.63805, 7.72966, 15.0855
4.93655, 8.26525, 15.041
5.25817, 8.83744, 15.048
5.60433, 9.44642, 15.1125
5.97632, 10.0917, 15.2412
6.3753, 10.7717, 15.4415
6.80224, 11.4839, 15.7217
7.25775, 12.2241, 16.0909
7.74208, 12.9863, 16.5585
8.25488, 13.7621, 17.1347
8.79515, 14.5405, 17.8295
9.36093, 15.3073, 18.6525
9.94918, 16.0448, 19.6123
10.5555, 16.7313, 20.7154
11.1739, 17.3415, 21.9653
11.7965, 17.8462, 23.3609
12.4133, 18.2134, 24.8954
13.0122, 18.4092, 26.5541
13.5788, 18.3998, 28.3136
14.0964, 18.1543, 30.1403
14.5468, 17.6478, 31.9903
14.9105, 16.8651, 33.81
15.1676, 15.8044, 35.5386
15.2998, 14.48, 37.1115
15.2909, 12.9241, 38.4659
15.1291, 11.1862, 39.5464
14.8083, 9.32959, 40.3116
14.3291, 7.42665, 40.7391
13.6995, 5.55136, 40.8274
12.9348, 3.77202, 40.5967
12.0562, 2.14487, 40.0849
11.0895, 0.709714, 39.3424
10.0629, -0.51168, 38.4257
9.00475, -1.51454, 37.3906
7.94171, -2.30816, 36.2874
6.89716, -2.9119, 35.1582
5.89035, -3.35111, 34.035
4.936, -3.65355, 32.9403
4.04435, -3.84669, 31.8883
3.22162, -3.95596, 30.8865
2.47054, -4.00372, 29.9378
1.79102, -4.00894, 29.0417
1.18086, -3.98719, 28.1956
0.636241, -3.95098, 27.396
0.152331, -3.91011, 26.6392
-0.276359, -3.87212, 25.9212
-0.655628, -3.8427, 25.2386
-0.991343, -3.82606, 24.5883
-1.28926, -3.82528, 23.9677
-1.55489, -3.84252, 23.3748
-1.79345, -3.87933, 22.8078
-2.00978, -3.93676, 22.2656
-2.20834, -4.01556, 21.7471
-2.39321, -4.11626, 21.2518
-2.56813, -4.23928, 20.7795
-2.73645, -4.38497, 20.33
-2.90124, -4.55373, 19.9035
-3.06528, -4.74596, 19.5006
-3.23109, -4.96213, 19.1218
-3.40098, -5.20279, 18.768
-3.57706, -5.46857, 18.4403
-3.76128, -5.76016, 18.1403
-3.95548, -6.0783, 17.8695
-4.16136, -6.42377, 17.63
-4.38053, -6.79731, 17.4241
-4.6145, -7.19963, 17.2545
-4.86472, -7.6313, 17.1244
-5.13254, -8.0927, 17.0374
-5.41924, -8.58391, 16.9975
-5.72598, -9.10461, 17.0093
-6.05379, -9.65392, 17.078
-6.40353, -10.2303, 17.209
-6.77587, -10.8312, 17.4085
-7.17118, -11.4531, 17.6832
-7.58949, -12.0911, 18.0397
-8.03038, -12.7386, 18.4853
-8.49288, -13.3871, 19.0268
-8.97534, -14.0261, 19.6709
-9.47529, -14.6426, 20.4233
-9.98927, -15.2211, 21.2881
-10.5127, -15.7437, 22.2677
-11.0397, -16.19, 23.361
-11.563, -16.5375, 24.5634
-12.0738, -16.7627, 25.8652
-12.5617, -16.8417, 27.2512
-13.0149, -16.7522, 28.6995
-13.4203, -16.4749, 30.1817
-13.7641, -15.9959, 31.6627
-14.0318, -15.3092, 33.102
-14.2095, -14.418, 34.4553
-14.2847, -13.3367, 35.6775
-14.2468, -12.0908, 36.7258
-14.0888, -10.7168, 37.5633
-13.8077, -9.25922, 38.163
-13.4051, -7.76762, 38.5098
-12.8876, -6.29238, 38.6023
-12.2667, -4.88037, 38.4525
-11.5578, -3.57113, 38.0839
-10.7793, -2.3943, 37.5283
-9.95147, -1.36833, 36.8225
-9.09483, -0.500755, 36.004
-8.22908, 0.210448, 35.1085
-7.37203, 0.774782, 34.1672
-6.5389, 1.20687, 33.2057
-5.74193, 1.52421, 32.2438
-4.99033, 1.74532, 31.2959
-4.29035, 1.8883, 30.3715
-3.64564, 1.96994, 29.4763
-3.05763, 2.00512, 28.6132
-2.52589, 2.00665, 27.7829
-2.04861, 1.98525, 26.985
-1.62295, 1.94963, 26.2181
-1.24534, 1.90679, 25.4807
-0.911786, 1.86217, 24.7707
-0.618063, 1.81997, 24.0865
-0.359902, 1.78333, 23.4263
-0.133106, 1.75455, 22.7886
0.0663576, 1.73528, 22.172
0.242299, 1.72667, 21.5755
0.398267, 1.7295, 20.998
0.537537, 1.74429, 20.4387
0.663103, 1.7714, 19.8968
0.777686, 1.81109, 19.3719
0.883753, 1.86355, 18.8634
0.983532, 1.929, 18.371
1.07904, 2.00769, 17.8943
1.1721, 2.09995, 17.4332
1.26438, 2.20619, 16.9874
1.35741, 2.3269, 16.5569
1.45259, 2.46274, 16.1417
1.55127, 2.61446, 15.7419
1.6547, 2.78296, 15.3578
1.76408, 2.96929, 14.9895
1.88063, 3.17465, 14.6375
2.00551, 3.40039, 14.3025
2.13992, 3.64803, 13.985
2.28508, 3.91924, 13.6861
2.44225, 4.21586, 13.407
2.61274, 4.53986, 13.1489
2.79794, 4.8934, 12.9137
2.99927, 5.27874, 12.7033
3.21829, 5.69829, 12.5204
3.4566, 6.15451, 12.3679
3.7159, 6.64991, 12.2493
3.998, 7.18699, 12.1688
4.30475, 7.76813, 12.1314
4.63809, 8.39546, 12.1428
4.99999, 9.07077, 12.21
5.39243, 9.79524, 12.3406
5.81736, 10.5692, 12.5438
6.27658, 11.3919, 12.83
6.77171, 12.2608, 13.2107
7.30407, 13.1715, 13.699
7.87445, 14.1168, 14.309
8.48301, 15.0863, 15.056
9.12894, 16.0652, 15.9557
9.81027, 17.0339, 17.0237
10.5234, 17.9673, 18.2742
11.2628, 18.8335, 19.7189
12.0205, 19.5944, 21.3651
12.7857, 20.2053, 23.2128
13.5443, 20.6162, 25.2523
14.2787, 20.774, 27.4615
14.9674, 20.6259, 29.8024
15.5855, 20.1247, 32.2198
16.1053, 19.2353, 34.6406
16.4973, 17.9414, 36.976
16.7322, 16.2524, 39.1266
16.7834, 14.2082, 40.991
16.6295, 11.8797, 42.477
16.2574, 9.36518, 43.5135
15.6648, 6.78071, 44.0615
14.8615, 4.24682, 44.12
13.8691, 1.87385, 43.7265
12.7197, -0.250753, 42.95
11.4529, -2.07045, 41.8798
10.1114, -3.56141, 40.612
8.73772, -4.72892, 39.2369
7.37038, -5.60008, 37.8308
6.04181, -6.21531, 36.4514
4.7771, -6.6206, 35.1376
3.59394, -6.8616, 33.912
2.50315, -6.97984, 32.7842
1.50979, -7.0109, 31.7551
0.614298, -6.98391, 30.8196
-0.186275, -6.92185, 29.9697
-0.897279, -6.8424, 29.1963
-1.52559, -6.75875, 28.4903
-2.07892, -6.68059, 27.8432
-2.56536, -6.61482, 27.2476
-2.99297, -6.56623, 26.6973
-3.36956, -6.53802, 26.1872
-3.70252, -6.5322, 25.7132
-3.99871, -6.54992, 25.2724
-4.26445, -6.59169, 24.8624
-4.50544, -6.65758, 24.4816
-4.72684, -6.74733, 24.1291
-4.93323, -6.86045, 23.8044
-5.12868, -6.9963, 23.5073
-5.31676, -7.15411, 23.2381
-5.5006, -7.33303, 22.9973
-5.68291, -7.53212, 22.7857
-5.86602, -7.75035, 22.6045
-6.05192, -7.9866, 22.4546
-6.24226, -8.23962, 22.3376
-6.43842, -8.508, 22.255
-6.64147, -8.79016, 22.2083
-6.85223, -9.08427, 22.1994
-7.07125, -9.38822, 22.2299
-7.29881, -9.69961, 22.3017
-7.53494, -10.0156, 22.4164
-7.77937, -10.333, 22.5758
-8.03156, -10.6482, 22.7811
-8.29067, -10.957, 23.0335
-8.55552, -11.2547, 23.3337
-8.8246, -11.5363, 23.6819
-9.09604, -11.796, 24.0775
-9.36761, -12.028, 24.5193
-9.63667, -12.2259, 25.0049
-9.90023, -12.3832, 25.5309
-10.1549, -12.4936, 26.0928
-10.3971, -12.551, 26.6845
-10.6227, -12.5497, 27.2988
-10.8276, -12.485, 27.9268
-11.0076, -12.3536, 28.5588
-11.1582, -12.1533, 29.1836
-11.2754, -11.8841, 29.7895
-11.3554, -11.5477, 30.3642
-11.3949, -11.1481, 30.8954
-11.3911, -10.6916, 31.3717
-11.3423, -10.1864, 31.7824
-11.2475, -9.64225, 32.1187
-11.107, -9.07059, 32.3735
-10.9221, -8.48343, 32.5425
-10.6951, -7.8931, 32.6235
-10.4296, -7.31155, 32.6171
-10.13, -6.74984, 32.526
-9.80142, -6.21764, 32.3552
-9.4496, -5.72296, 32.1113
-9.0806, -5.27193, 31.802
-8.70059, -4.86874, 31.4358
-8.31562, -4.51575, 31.0214
-7.93144, -4.21365, 30.5674
-7.55334, -3.96175, 30.0819
-7.18604, -3.75821, 29.5726
-6.83361, -3.60042, 29.0461
-6.49947, -3.48521, 28.5083
-6.18633, -3.40914, 27.9644
-5.89628, -3.36868, 27.4187
-5.63081, -3.36042, 26.8747
-5.39088, -3.38115, 26.3356
-5.17702, -3.42799, 25.8037
-4.98936, -3.49838, 25.2812
-4.82773, -3.59018, 24.7697
-4.69175, -3.70163, 24.2709
-4.58085, -3.83131, 23.7859
-4.49437, -3.97822, 23.316
-4.4316, -4.14163, 22.8622
-4.39181, -4.32113, 22.4256
-4.37427, -4.51658, 22.0073
-4.37833, -4.72806, 21.6084
-4.40339, -4.95584, 21.23
-4.44894, -5.20033, 20.8733
-4.51455, -5.46209, 20.5397
-4.5999, -5.74174, 20.2308
-4.70477, -6.03998, 19.9481
-4.82901, -6.35749, 19.6935
-4.97259, -6.69494, 19.4691
-5.13555, -7.05292, 19.2772
-5.31797, -7.43188, 19.1204
-5.52, -7.8321, 19.0015
-5.74182, -8.25357, 18.9236
-5.98359, -8.69597, 18.8903
-6.24546, -9.15853, 18.9052
-6.52748, -9.63993, 18.9724
-6.82961, -10.1382, 19.0962
-7.15165, -10.6506, 19.2813
-7.49316, -11.1734, 19.5323
-7.85343, -11.7019, 19.8539
-8.23135, -12.2299, 20.2507
-8.6254, -12.7501, 20.7268
-9.03348, -13.2535, 21.2859
-9.45287, -13.7296, 21.9306
-9.88011, -14.1665, 22.6619
-10.3109, -14.5506, 23.4792
-10.7401, -14.8671, 24.3795
-11.1614, -15.1004, 25.3566
-11.5678, -15.2347, 26.4011
-11.9513, -15.2548, 27.4997
-12.3029, -15.1469, 28.6349
-12.6131, -14.8998, 29.7853
-12.872, -14.5066, 30.9257
-13.0698, -13.9652, 32.0278
-13.1973, -13.2797, 33.0619
-13.2461, -12.4608, 33.998
-13.2097, -11.5261, 34.8081
-13.0838, -10.4992, 35.4679
-12.8667, -9.409, 35.9589
-12.5597, -8.28707, 36.2698
-12.1672, -7.16603, 36.3974
-11.6969, -6.07698, 36.3461
-11.1587, -5.04738, 36.128
-10.565, -4.09943, 35.7605
-9.92915, -3.24908, 35.2654
-9.26545, -2.50576, 34.666
-8.58781, -1.87278, 33.9858
-7.90935, -1.34819, 33.2471
-7.24182, -0.925932, 32.4692
-6.59524, -0.597054, 31.6689
-5.97777, -0.350915, 30.8594
-5.39561, -0.176168, 30.051
-4.85312, -0.0615424, 29.2511
-4.353, 0.0035986, 28.465
-3.8965, 0.0289042, 27.6961
-3.48366, 0.0228472, 26.9463
-3.11356, -0.00733903, 26.2168
-2.78458, -0.0556363, 25.5076
-2.49454, -0.117161, 24.8189
-2.24095, -0.188052, 24.15
-2.02113, -0.265344, 23.5005
-1.83231, -0.346842, 22.8698
-1.67177, -0.430996, 22.2571
-1.53687, -0.516793, 21.6619
-1.42512, -0.603657, 21.0836
-1.33421, -0.691365, 20.5217
-1.26204, -0.779977, 19.9756
-1.20673, -0.869775, 19.445
-1.1666, -0.961215, 18.9294
-1.1402, -1.0549, 18.4286
-1.1263, -1.15152, 17.9422
-1.12384, -1.25189, 17.4699
-1.13198, -1.35687, 17.0115
-1.15004, -1.46741, 16.5669
-1.17751, -1.5845, 16.1359
-1.21404, -1.7092, 15.7183
-1.25941, -1.84265, 15.3142
-1.31357, -1.98602, 14.9235
-1.37657, -2.1406, 14.5464
-1.44859, -2.30772, 14.1828
-1.52993, -2.48883, 13.8331
-1.621, -2.68548, 13.4976
-1.72235, -2.89931, 13.1767
-1.83459, -3.1321, 12.871
-1.9585, -3.38577, 12.5812
-2.09494, -3.66234, 12.3082
-2.24489, -3.96403, 12.0531
-2.40945, -4.29318, 11.8174
-2.58987, -4.65228, 11.6028
-2.78749, -5.04399, 11.4112
-3.00379, -5.47107, 11.2453
-3.24039, -5.93643, 11.108
-3.49904, -6.44303, 11.0028
-3.78161, -6.99385, 10.9342
-4.09008, -7.59181, 10.907
-4.42655, -8.23967, 10.9275
-4.79322, -8.93985, 11.0026
-5.1923, -9.69425, 11.1407
-5.62602, -10.504, 11.3514
-6.09657, -11.3689, 11.6457
-6.60594, -12.2876, 12.0364
-7.15587, -13.2561, 12.5379
-7.74763, -14.2679, 13.1659
-8.38187, -15.3129, 13.9379
-9.05829, -16.3763, 14.8721
-9.77536, -17.438, 15.9869
-10.5299, -18.4712, 17.3004
-11.3166, -19.442, 18.8277
-12.1276, -20.308, 20.5799
-12.9517, -21.0192, 22.5605
-13.7741, -21.5184, 24.7626
-14.5759, -21.7435, 27.1647
-15.3334, -21.6314, 29.7275
-16.0189, -21.1243, 32.3907
-16.6009, -20.1771, 35.0721
-17.0455, -18.7662, 37.6695
-17.3183, -16.899, 40.0664
-17.3876, -14.6194, 42.1421
-17.2276, -12.0102, 43.7862
-16.8221, -9.18821, 44.9137
-16.1678, -6.2927, 45.4789
-15.2757, -3.46801, 45.4841
-14.1714, -0.844806, 44.9786
-12.893, 1.4761, 44.0504
-11.4871, 3.4332, 42.8107
-10.0038, 5.00564, 41.3759
-8.4922, 6.20728, 39.8527
-6.99589, 7.07659, 38.3276
-5.55074, 7.66561, 36.863
-4.18364, 8.03033, 35.498
-2.91268, 8.22405, 34.2524
-1.74815, 8.2935, 33.1314
-0.693946, 8.27729, 32.131
0.250897, 8.20598, 31.2416
1.09084, 8.10291, 30.451
1.83263, 7.9854, 29.7468
2.48438, 7.86596, 29.1169
3.05488, 7.75344, 28.5507
3.55304, 7.65389, 28.0389
3.9876, 7.57128, 27.5739
4.3669, 7.5081, 27.1495
4.69868, 7.46574, 26.7608
4.99009, 7.44481, 26.4038
5.24762, 7.44534, 26.0758
5.47708, 7.46698, 25.7746
5.68369, 7.5091, 25.4987
5.87202, 7.57086, 25.2471
6.04612, 7.65128, 25.0193
6.20948, 7.74928, 24.815
6.36515, 7.86369, 24.6342
6.51572, 7.99327, 24.4774
6.66338, 8.13672, 24.3447
6.80997, 8.29267, 24.2369
6.95698, 8.45966, 24.1544
7.10561, 8.63615, 24.0981
7.25677, 8.82049, 24.0686
7.4111, 9.01091, 24.0666
7.569, 9.20552, 24.0927
7.73064, 9.40224, 24.1475
7.89597, 9.59889, 24.2315
8.06469, 9.79306, 24.345
8.23632, 9.98223, 24.488
8.41017, 10.1637, 24.6603
8.58532, 10.3345, 24.8615
8.76069, 10.4919, 25.0907
8.93497, 10.6326, 25.3466
9.10669, 10.7536, 25.6276
9.27419, 10.8518, 25.9314
9.43568, 10.9243, 26.2552
9.58923, 10.9683, 26.5958
9.7328, 10.9813, 26.9493
9.86429, 10.9613, 27.3114
9.98158, 10.9066, 27.6772
10.0826, 10.8165, 28.0414
10.1653, 10.6905, 28.3984
10.2278, 10.5292, 28.7426
10.2686, 10.3341, 29.0681
10.2861, 10.1071, 29.3692
10.2795, 9.85137, 29.6407
10.2479, 9.5706, 29.8776
10.1912, 9.26921, 30.0757
10.1097, 8.95209, 30.2315
10.0039, 8.62452, 30.3424
9.87514, 8.29194, 30.4069
9.72497, 7.9598, 30.4243
9.55541, 7.63332, 30.3949
9.36887, 7.31741, 30.32
9.16801, 7.01648, 30.2015
8.95571, 6.73433, 30.0421
8.73498, 6.47413, 29.8452
8.50889, 6.23836, 29.6143
8.28046, 6.02882, 29.3534
8.05265, 5.84666, 29.0664
7.82823, 5.69248, 28.7574
7.60977, 5.56637, 28.4303
7.39961, 5.46799, 28.089
7.19983, 5.39669, 27.7369
7.01223, 5.35159, 27.3775
6.83833, 5.33163, 27.0138
6.67939, 5.33566, 26.6488
6.53643, 5.36253, 26.285
6.41022, 5.41109, 25.9248
6.30133, 5.48023, 25.5705
6.21017, 5.56894, 25.224
6.13698, 5.67631, 24.8874
6.08186, 5.80151, 24.5625
6.04484, 5.94382, 24.2508
6.02585, 6.10263, 23.9542
6.02474, 6.2774, 23.6743
6.04135, 6.46764, 23.4126
6.07546, 6.67292, 23.1708
6.12683, 6.89284, 22.9506
6.19521, 7.12696, 22.7536
6.28033, 7.37482, 22.5816
6.3819, 7.63589, 22.4364
6.49961, 7.90952, 22.3198
6.63312, 8.1949, 22.2337
6.78205, 8.49104, 22.1802
6.94599, 8.79673, 22.1611
7.12441, 9.11044, 22.1785
7.31674, 9.43033, 22.2344
7.52227, 9.75418, 22.3308
7.74016, 10.0794, 22.4694
7.9694, 10.4028, 22.6519
8.20878, 10.7208, 22.8797
8.45688, 11.0294, 23.1539
8.71201, 11.3238, 23.4749
8.9722, 11.5991, 23.8428
9.23517, 11.8495, 24.2569
9.49833, 12.0693, 24.7153
9.75872, 12.2521, 25.2156
10.0131, 12.3917, 25.7539
10.2578, 12.4819, 26.325
10.489, 12.517, 26.9226
10.7026, 12.4918, 27.5389
10.8943, 12.4022, 28.1648
11.0598, 12.2455, 28.7901
11.1948, 12.0202, 29.4034
11.2954, 11.7272, 29.993
11.3579, 11.3691, 30.5468
11.3793, 10.9508, 31.0529
11.3572, 10.4791, 31.5003
11.2902, 9.96286, 31.8791
11.1778, 9.41249, 32.1813
11.0206, 8.83946, 32.401
10.8203, 8.25583, 32.5346
10.5797, 7.67366, 32.5812
10.3027, 7.10445, 32.5421
9.99388, 6.55863, 32.4209
9.65857, 6.04514, 32.2231
9.3026, 5.57118, 31.9557
8.93199, 5.1421, 31.6267
8.55282, 4.76135, 31.2445
8.17096, 4.43063, 30.8178
7.79194, 4.15012, 30.3548
7.42077, 3.9187, 29.8634
7.0619, 3.73428, 29.3508
6.7191, 3.59406, 28.8234
6.3955, 3.49483, 28.2866
6.09356, 3.43316, 27.7453
5.81511, 3.40562, 27.2036
5.56146, 3.40892, 26.6646
5.33339, 3.44001, 26.1314
5.13128, 3.49618, 25.6061
4.95516, 3.57506, 25.0909
4.80479, 3.67466, 24.5872
4.67973, 3.7934, 24.0965
4.57939, 3.93002, 23.6201
4.5031, 4.08363, 23.1592
4.45016, 4.25364, 22.7149
4.41986, 4.43974, 22.2882
4.41151, 4.64187, 21.8801
4.42448, 4.86017, 21.492
4.45823, 5.09496, 21.1248
4.51228, 5.34671, 20.7801
4.58625, 5.61598, 20.4591
4.67985, 5.9034, 20.1635
4.79291, 6.20964, 19.8949
4.92532, 6.53535, 19.6555
5.07706, 6.88114, 19.4473
5.24819, 7.24751, 19.2727
5.43881, 7.63481, 19.1344
5.64906, 8.04315, 19.0355
5.87911, 8.47237, 18.9791
6.12909, 8.92189, 18.9689
6.39909, 9.39069, 19.0086
6.6891, 9.87712, 19.1026
6.999, 10.3788, 19.255
7.32844, 10.8926, 19.4706
7.67685, 11.4143, 19.7538
8.04331, 11.9384, 20.1094
8.42651, 12.4584, 20.5416
8.82465, 12.9662, 21.0543
9.23534, 13.4522, 21.6504
9.65551, 13.9052, 22.3318
10.0813, 14.3126, 23.0988
10.5081, 14.6606, 23.9494
10.9302, 14.934, 24.8792
11.341, 15.1175, 25.8805
11.7331, 15.1955, 26.9421
12.0981, 15.1538, 28.0488
12.4269, 14.98, 29.1815
12.7099, 14.6652, 30.317
12.9374, 14.2047, 31.4292
13.0999, 13.5993, 32.4892
13.1886, 12.8564, 33.4675
13.1964, 11.9898, 34.3355
13.1176, 11.0197, 35.067
12.9493, 9.97209, 35.6409
12.6913, 8.87664, 36.0422
12.3464, 7.76522, 36.2635
11.9204, 6.66936, 36.3053
11.4219, 5.61812, 36.1754
10.8621, 4.63619, 35.8885
10.2536, 3.74259, 35.4637
9.61008, 2.95002, 34.9233
8.94553, 2.26497, 34.2905
8.27332, 1.68823, 33.5879
7.60582, 1.21596, 32.8361
6.95384, 0.840861, 32.053
6.32643, 0.553314, 31.2537
5.73076, 0.342504, 30.4497
5.17212, 0.197284, 29.6499
4.65406, 0.106838, 28.8608
4.17859, 0.0611399, 28.0866
3.7464, 0.0512214, 27.3302
3.35711, 0.0693019, 26.593
3.0095, 0.10881, 25.8758
2.70173, 0.164336, 25.1788
2.43152, 0.231536, 24.5017
2.19633, 0.307019, 23.844
1.9935, 0.38822, 23.2052
1.82032, 0.47328, 22.5847
1.67415, 0.56093, 21.982
1.55247, 0.650387, 21.3963
1.45292, 0.741266, 20.8273
1.37333, 0.833502, 20.2745
1.31173, 0.927284, 19.7373
1.26639, 1.02301, 19.2154
1.23576, 1.12122, 18.7085
1.21853, 1.22262, 18.2163
1.2136, 1.32798, 17.7384
1.22003, 1.43819, 17.2748
1.23709, 1.55419, 16.8252
1.26424, 1.677, 16.3895
1.30106, 1.80773, 15.9676
1.34733, 1.94752, 15.5595
1.40292, 2.09761, 15.1652
1.4679, 2.25931, 14.7848
1.54241, 2.434, 14.4185
1.62675, 2.62317, 14.0666
1.72134, 2.82841, 13.7294
1.8267, 3.05142, 13.4074
1.94347, 3.29402, 13.1013
2.07243, 3.55817, 12.8119
2.21445, 3.84593, 12.5401
2.37054, 4.15956, 12.2873
2.54182, 4.50142, 12.055
2.72953, 4.87403, 11.845
2.93507, 5.28004, 11.6596
3.15992, 5.7222, 11.5015
3.40572, 6.20338, 11.3739
3.67422, 6.72644, 11.2807
3.96731, 7.29426, 11.2266
4.28697, 7.90956, 11.2168
4.63528, 8.57483, 11.2579
5.01437, 9.29213, 11.3574
5.4264, 10.0629, 11.5239
5.8735, 10.8875, 11.7677
6.35769, 11.7652, 12.1002
6.88075, 12.6932, 12.5346
7.44414, 13.6664, 13.0856
8.04874, 14.6768, 13.7693
8.6947, 15.7122, 14.6028
9.3811, 16.7556, 15.6039
10.1056, 17.7845, 16.7903
10.8641, 18.7693, 18.1779
11.6502, 19.6734, 19.7796
12.4546, 20.452, 21.6024
13.2647, 21.0535, 23.645
14.0643, 21.4201, 25.8939
14.8326, 21.4912, 28.3203
15.5451, 21.2079, 30.8767
16.1728, 20.5197, 33.4948
16.6842, 19.3922, 36.0862
17.046, 17.8157, 38.5452
17.2259, 15.8129, 40.7569
17.1957, 13.4429, 42.6082
16.9344, 10.8005, 44.0023
16.4316, 8.0086, 44.8729
15.6901, 5.20466, 45.1951
14.7269, 2.52335, 44.9904
13.5721, 0.0794111, 44.3224
12.2664, -2.04527, 43.286
10.8564, -3.80743, 41.9908
9.39077, -5.20078, 40.5459
7.91491, -6.24854, 39.0464
6.46824, -6.99331, 37.5667
5.08209, -7.487, 36.1581
3.77917, -7.7828, 34.8513
2.57405, -7.92986, 33.66
1.4743, -7.97044, 32.5862
0.481837, -7.93909, 31.6242
-0.405607, -7.86293, 30.7642
-1.19326, -7.76257, 29.9948
-1.88823, -7.65328, 29.3043
-2.49873, -7.54608, 28.6819
-3.03343, -7.44872, 28.1182
-3.50102, -7.3665, 27.605
-3.90997, -7.30288, 27.1357
-4.26825, -7.25999, 26.705
-4.5833, -7.23898, 26.3086
-4.86193, -7.24029, 25.9434
-5.11032, -7.26387, 25.607
-5.33398, -7.30929, 25.2978
-5.53786, -7.37589, 25.0146
-5.72629, -7.4628, 24.7568
-5.90308, -7.56905, 24.5241
-6.07154, -7.69353, 24.3167
-6.23451, -7.83508, 24.1347
-6.39444, -7.99245, 23.9787
-6.55337, -8.16431, 23.8494
-6.713, -8.34923, 23.7474
-6.87469, -8.5457, 23.6737
-7.03954, -8.75206, 23.6292
-7.20834, -8.96653, 23.6147
-7.38162, -9.18716, 23.6313
-7.55966, -9.41182, 23.6797
-7.74251, -9.63817, 23.7607
-7.92995, -9.86365, 23.875
-8.12156, -10.0855, 24.023
-8.31666, -10.3006, 24.2047
-8.51435, -10.5059, 24.4201
-8.71347, -10.6978, 24.6687
-8.91266, -10.8727, 24.9493
-9.11031, -11.0269, 25.2605
-9.30459, -11.1566, 25.6001
-9.49348, -11.258, 25.9654
-9.67474, -11.3276, 26.353
-9.84601, -11.3621, 26.7585
-10.0048, -11.3584, 27.1773
-10.1485, -11.3142, 27.6038
-10.2746, -11.2278, 28.0317
-10.3805, -11.0983, 28.4546
-10.4638, -10.926, 28.8653
-10.5224, -10.7118, 29.2569
-10.5543, -10.4581, 29.6221
-10.558, -10.1681, 29.9543
-10.5325, -9.84613, 30.2471
-10.4772, -9.49747, 30.4949
-10.3922, -9.12809, 30.6933
-10.2781, -8.74448, 30.8387
-10.1361, -8.35346, 30.929
-9.96794, -7.96184, 30.9631
-9.77608, -7.57625, 30.9413
-9.56328, -7.20283, 30.8652
-9.33276, -6.84712, 30.7372
-9.08797, -6.51383, 30.5608
-8.83259, -6.20684, 30.34
-8.57032, -5.92907, 30.0794
-8.30486, -5.68258, 29.7839
-8.03976, -5.46858, 29.4583
-7.77837, -5.28751, 29.1077
-7.52376, -5.1392, 28.7367
-7.2787, -5.02295, 28.3498
-7.04561, -4.93768, 27.9513
-6.82655, -4.88203, 27.5449
-6.62323, -4.85449, 27.1341
-6.43704, -4.85347, 26.7221
-6.26905, -4.87738, 26.3116
-6.12004, -4.92471, 25.9053
-5.99055, -4.99405, 25.5053
-5.88091, -5.08415, 25.1137
-5.79127, -5.19389, 24.7325
-5.72165, -5.32233, 24.3634
-5.67194, -5.46868, 24.0081
-5.64198, -5.63231, 23.6682
-5.63153, -5.81272, 23.3453
-5.64032, -6.00953, 23.0409
-5.66808, -6.22244, 22.7567
-5.71451, -6.45122, 22.4942
-5.77933, -6.69567, 22.2551
-5.86226, -6.95559, 22.0412
-5.96304, -7.23073, 21.8544
-6.08142, -7.52079, 21.6966
-6.21712, -7.8253, 21.5698
-6.36987, -8.14367, 21.4762
-6.53939, -8.47506, 21.4181
-6.72533, -8.81836, 21.3978
-6.92728, -9.17213, 21.4178
-7.14475, -9.53451, 21.4806
-7.37713, -9.90322, 21.5886
-7.62366, -10.2754, 21.7442
-7.88337, -10.6477, 21.9498
-8.15508, -11.0161, 22.2074
-8.43736, -11.3757, 22.5187
-8.72844, -11.7212, 22.8848
-9.02621, -12.0465, 23.3063
-9.32818, -12.3447, 23.7829
-9.63143, -12.6085, 24.3132
-9.93259, -12.8302, 24.8946
-10.2278, -13.0015, 25.5229
-10.5129, -13.1146, 26.1925
-10.7832, -13.1617, 26.8959
-11.0336, -13.136, 27.6237
-11.2589, -13.0317, 28.3648
-11.4537, -12.8448, 29.1064
-11.6126, -12.5734, 29.8344
-11.7305, -12.2181, 30.5336
-11.8027, -11.7822, 31.1885
-11.8254, -11.2721, 31.7841
-11.7954, -10.6969, 32.3061
-11.7109, -10.0684, 32.7422
-11.5713, -9.40031, 33.0825
-11.3775, -8.70795, 33.3201
-11.1319, -8.00715, 33.4516
-10.8382, -7.31353, 33.4767
-10.5015, -6.64165, 33.3986
-10.1279, -6.00434, 33.2234
-9.72443, -5.41216, 32.9593
-9.29848, -4.87311, 32.6164
-8.85772, -4.39255, 32.2057
-8.4097, -3.9733, 31.7383
-7.96156, -3.61589, 31.2254
-7.51989, -3.31897, 30.6771
-7.09049, -3.07971, 30.1029
-6.67832, -2.89424, 29.5109
-6.28744, -2.75803, 28.9081
-5.92104, -2.66626, 28.3004
-5.58146, -2.61412, 27.6926
-5.27029, -2.59697, 27.0885
-4.98844, -2.61054, 26.4911
-4.73626, -2.65103, 25.9028
-4.51362, -2.71513, 25.3256
-4.32006, -2.80008, 24.7608
-4.15482, -2.90361, 24.2097
-4.01698, -3.02399, 23.6733
-3.90549, -3.15991, 23.1522
-3.81928, -3.3105, 22.6474
-3.75726, -3.47526, 22.1594
-3.71838, -3.65402, 21.6889
-3.70168, -3.84691, 21.2366
-3.7063, -4.05429, 20.8034
-3.7315, -4.27672, 20.39
-3.77666, -4.51498, 19.9974
-3.84129, -4.76995, 19.6266
-3.92508, -5.04264, 19.2788
-4.0278, -5.33415, 18.9555
-4.14939, -5.64564, 18.6582
-4.2899, -5.97828, 18.3887
-4.44953, -6.33323, 18.1492
-4.62853, -6.71159, 17.9419
-4.8273, -7.11436, 17.7696
-5.04628, -7.54238, 17.6354
-5.28595, -7.99626, 17.5426
-5.54686, -8.47626, 17.4952
-5.82952, -8.98226, 17.4975
-6.1344, -9.51355, 17.5542
-6.46189, -10.0688, 17.6706
-6.81224, -10.6457, 17.8522
-7.18548, -11.241, 18.1052
-7.58135, -11.8502, 18.4358
-7.99921, -12.4672, 18.8503
-8.43796, -13.0843, 19.3551
-8.89588, -13.6919, 19.956
-9.37051, -14.2781, 20.6582
-9.85854, -14.8289, 21.4653
-10.3556, -15.328, 22.3791
-10.8563, -15.7571, 23.3989
-11.3538, -16.0959, 24.5202
-11.8401, -16.3231, 25.7345
-12.3056, -16.4174, 27.028
-12.7396, -16.3584, 28.3816
-13.1303, -16.1285, 29.7697
-13.4649, -15.7145, 31.1615
-13.7304, -15.11, 32.5208
-13.914, -14.3165, 33.808
-14.004, -13.3452, 34.9823
-13.9906, -12.2173, 36.0045
-13.8666, -10.9633, 36.84
-13.6287, -9.6218, 37.4619
-13.2775, -8.2364, 37.8539
-12.8178, -6.85238, 38.0109
-12.2592, -5.51297, 37.9402
-11.6146, -4.25595, 37.6595
-10.9002, -3.11103, 37.1949
-10.1341, -2.09843, 36.5778
-9.33487, -1.22862, 35.8416
-8.52092, -0.503167, 35.0191
-7.70918, 0.0836702, 34.14
-6.9145, 0.543006, 33.2295
-6.14921, 0.889344, 32.3078
-5.42288, 1.13882, 31.3904
-4.74245, 1.3078, 30.488
-4.11233, 1.41189, 29.6077
-3.53481, 1.46528, 28.7537
-3.01032, 1.48042, 27.9281
-2.53786, 1.46791, 27.1313
-2.11535, 1.43657, 26.3629
-1.73988, 1.39354, 25.6217
-1.40804, 1.34448, 24.9065
-1.11612, 1.29379, 24.2157
-0.860273, 1.24482, 23.5479
-0.636657, 1.20005, 22.9018
-0.441543, 1.16124, 22.2761
-0.271373, 1.12963, 21.6698
-0.122816, 1.10605, 21.0819
0.00721649, 1.09098, 20.5115
0.12155, 1.08473, 19.9578
0.222754, 1.08743, 19.4204
0.313146, 1.09913, 18.8985
0.394808, 1.11984, 18.3917
0.469608, 1.14957, 17.8995
0.539213, 1.18835, 17.4216
0.605118, 1.23626, 16.9576
0.668666, 1.29342, 16.5071
0.73107, 1.36007, 16.07
0.793432, 1.43649, 15.646
0.856767, 1.52309, 15.2348
0.922019, 1.62036, 14.8365
0.990081, 1.72893, 14.4507
1.06181, 1.84951, 14.0776
1.13804, 1.98294, 13.7172
1.21961, 2.13021, 13.3694
1.30736, 2.29242, 13.0344
1.40214, 2.47083, 12.7126
1.50486, 2.66682, 12.4041
1.61645, 2.88196, 12.1096
1.73791, 3.11796, 11.8295
1.8703, 3.37672, 11.5647
2.01477, 3.6603, 11.3162
2.17255, 3.97097, 11.0851
2.34497, 4.31115, 10.873
2.53347, 4.68348, 10.6817
2.7396, 5.09076, 10.5133
2.96503, 5.53594, 10.3707
3.21157, 6.02215, 10.2569
3.48116, 6.55257, 10.176
3.77587, 7.13043, 10.1326
4.09789, 7.75889, 10.1322
4.44951, 8.44096, 10.1814
4.83314, 9.17924, 10.288
5.25122, 9.97579, 10.461
5.70617, 10.8317, 10.7112
6.20039, 11.7469, 11.0508
6.73604, 12.7194, 11.4939
7.315, 13.7448, 12.0564
7.93862, 14.8155, 12.7561
8.60753, 15.9196, 13.6121
9.32128, 17.0404, 14.6447
10.078, 18.1543, 15.8743
10.874, 19.2307, 17.3203
11.7029, 20.2302, 18.9991
12.5558, 21.1043, 20.9215
13.4195, 21.7958, 23.0892
14.277, 22.2397, 25.4912
15.1064, 22.3666, 28.0991
15.8808, 22.1075, 30.8633
16.5687, 21.4016, 33.71
17.1344, 20.2055, 36.5407
17.5405, 18.5038, 39.236
17.7498, 16.3188, 41.6634
17.7293, 13.7161, 43.6916
17.4543, 10.8043, 45.2072
16.9121, 7.72626, 46.133
16.1051, 4.64253, 46.4416
15.0527, 1.70972, 46.1613
13.7894, -0.940629, 45.3709
12.3622, -3.21763, 44.1854
10.8249, -5.07736, 42.7355
9.23233, -6.51959, 41.1481
7.63574, -7.57766, 39.5309
6.07845, -8.30545, 37.9649
4.59412, -8.76516, 36.5032
3.20637, -9.01806, 35.1745
1.92962, -9.11888, 33.9885
0.770566, -9.11322, 32.9424
-0.270058, -9.03721, 32.026
-1.19583, -8.91833, 31.2252
-2.01323, -8.77685, 30.5248
-2.73048, -8.6273, 29.9101
-3.35669, -8.47981, 29.368
-3.90126, -8.34129, 28.8868
-4.37346, -8.21624, 28.4569
-4.78214, -8.10749, 28.0701
-5.13559, -8.01664, 27.72
-5.44145, -7.94444, 27.4014
-5.70666, -7.89108, 27.1102
-5.93747, -7.8563, 26.8434
-6.13947, -7.83957, 26.5986
-6.31763, -7.84018, 26.374
-6.4763, -7.85727, 26.1684
-6.61932, -7.88988, 25.9811
-6.75, -7.937, 25.8114
-6.87123, -7.99758, 25.6593
-6.98546, -8.07051, 25.5245
-7.09478, -8.15468, 25.4072
-7.20095, -8.24891, 25.3076
-7.30541, -8.35201, 25.2259
-7.40935, -8.46276, 25.1626
-7.51367, -8.57988, 25.1178
-7.61908, -8.70206, 25.092
-7.72606, -8.82792, 25.0854
-7.83491, -8.95602, 25.0983
-7.94573, -9.08489, 25.1307
-8.05848, -9.21296, 25.1829
-8.17295, -9.33862, 25.2546
-8.2888, -9.46021, 25.3456
-8.40552, -9.57602, 25.4557
-8.52252, -9.68429, 25.5841
-8.63905, -9.78326, 25.7301
-8.75429, -9.87118, 25.8926
-8.86728, -9.94634, 26.0704
-8.977, -10.0071, 26.2619
-9.08237, -10.0518, 26.4652
-9.18222, -10.0792, 26.6783
-9.27539, -10.088, 26.8988
-9.36066, -10.0771, 27.1242
-9.43684, -10.046, 27.3516
-9.50279, -9.99421, 27.5781
-9.5574, -9.92162, 27.8006
-9.59967, -9.82857, 28.0159
-9.62871, -9.71576, 28.2209
-9.6438, -9.58428, 28.4124
-9.64435, -9.43561, 28.5876
-9.63001, -9.27158, 28.7435
-9.60061, -9.09433, 28.8779
-9.55623, -8.9063, 28.9884
-9.49718, -8.71013, 29.0734
-9.42401, -8.50861, 29.1316
-9.3375, -8.30459, 29.1621
-9.23864, -8.10093, 29.1645
-9.12862, -7.90043, 29.139
-9.00882, -7.70573, 29.0859
-8.88075, -7.51929, 29.0062
-8.74603, -7.34333, 28.9013
-8.60636, -7.17979, 28.7726
-8.46348, -7.03032, 28.6221
-8.31914, -6.89628, 28.4518
-8.17506, -6.77871, 28.2638
-8.03291, -6.6784, 28.0605
-7.89426, -6.59585, 27.8442
-7.76059, -6.53133, 27.6173
-7.63329, -6.4849, 27.382
-7.51357, -6.45648, 27.1406
-7.40256, -6.4458, 26.8953
-7.30122, -6.45251, 26.6483
-7.21037, -6.47617, 26.4016
-7.13074, -6.51626, 26.1571
-7.06288, -6.57225, 25.9168
-7.00727, -6.64356, 25.6823
-6.96426, -6.7296, 25.4555
-6.93411, -6.82976, 25.2379
-6.91697, -6.94345, 25.0311
-6.91293, -7.07004, 24.8368
-6.92201, -7.20891, 24.6563
-6.94414, -7.35939, 24.4912
-6.97922, -7.52079, 24.3429
-7.02706, -7.69239, 24.2127
-7.08744, -7.87338, 24.1021
-7.16007, -8.06289, 24.0123
-7.2446, -8.25993, 23.9447
-7.34063, -8.46343, 23.9006
-7.44769, -8.67214, 23.8811
-7.56524, -8.88468, 23.8874
-7.69265, -9.0995, 23.9205
-7.82922, -9.31486, 23.9812
-7.97412, -9.52882, 24.0704
-8.12645, -9.73922, 24.1887
-8.28517, -9.94371, 24.3363
-8.4491, -10.1397, 24.5133
-8.61696, -10.3245, 24.7195
-8.78728, -10.4952, 24.9541
-8.95847, -10.6487, 25.2162
-9.1288, -10.7819, 25.5041
-9.29638, -10.8917, 25.8157
-9.4592, -10.9751, 26.1485
-9.61511, -11.0291, 26.4992
-9.7619, -11.0513, 26.8639
-9.89728, -11.0392, 27.2383
-10.019, -10.9913, 27.6175
-10.1247, -10.9064, 27.9961
-10.2122, -10.784, 28.3684
-10.2796, -10.6247, 28.7283
-10.3249, -10.4295, 29.0699
-10.3467, -10.2007, 29.3873
-10.3436, -9.94126, 29.6747
-10.3151, -9.65494, 29.927
-10.2606, -9.34625, 30.1396
-10.1802, -9.0203, 30.3087
-10.0747, -8.68256, 30.4316
-9.94519, -8.33873, 30.5064
-9.79317, -7.99455, 30.5323
-9.62074, -7.65554, 30.5095
-9.43031, -7.3269, 30.4392
-9.22463, -7.0133, 30.3234
-9.00668, -6.71882, 30.165
-8.77957, -6.44681, 29.9672
-8.54649, -6.19992, 29.7338
-8.3106, -5.98009, 29.469
-8.07498, -5.78854, 29.1769
-7.84254, -5.62592, 28.8617
-7.61597, -5.49231, 28.5274
-7.39772, -5.38736, 28.1782
-7.18997, -5.31036, 27.8177
-6.99458, -5.26036, 27.4493
-6.81317, -5.23624, 27.0763
-6.64703, -5.23677, 26.7016
-6.49723, -5.26071, 26.328
-6.36456, -5.30684, 25.9578
-6.24963, -5.37399, 25.5933
-6.15282, -5.4611, 25.2367
-6.07439, -5.56718, 24.8897
-6.01444, -5.6914, 24.5543
-5.97297, -5.833, 24.2322
-5.94991, -5.99135, 23.925
-5.9451, -6.16592, 23.6344
-5.95837, -6.35624, 23.362
-5.98948, -6.56191, 23.1094
-6.03819, -6.78253, 22.8782
-6.10424, -7.01774, 22.6702
-6.18737, -7.26712, 22.4871
-6.2873, -7.53021, 22.3307
-6.40372, -7.80644, 22.2029
-6.53632, -8.09508, 22.1055
-6.68475, -8.39525, 22.0407
-6.84861, -8.70581, 22.0105
-7.02744, -9.02535, 22.0169
-7.22068, -9.35213, 22.062
-7.4277, -9.68405, 22.148
-7.64771, -10.0186, 22.2768
-7.87976, -10.3526, 22.4502
-8.1227, -10.6827, 22.6699
-8.37519, -11.0048, 22.937
-8.6356, -11.3143, 23.2525
-8.90201, -11.6059, 23.6166
-9.17222, -11.8741, 24.0289
-9.44364, -12.1127, 24.488
-9.71338, -12.3153, 24.9917
-9.97814, -12.4752, 25.5364
-10.2343, -12.586, 26.1174
-10.4779, -12.6413, 26.7283
-10.7048, -12.6354, 27.3617
-10.9104, -12.5636, 28.0083
-11.0904, -12.4224, 28.6578
-11.2402, -12.2098, 29.2988
-11.3554, -11.9259, 29.9189
-11.4323, -11.5728, 30.5053
-11.4672, -11.155, 31.0456
-11.4575, -10.6792, 31.5277
-11.4014, -10.154, 31.9408
-11.2981, -9.59013, 32.276
-11.1477, -8.9994, 32.5264
-10.952, -8.39449, 32.6876
-10.7134, -7.7882, 32.758
-10.4356, -7.1929, 32.7385
-10.1235, -6.6199, 32.6324
-9.78242, -6.07899, 32.4452
-9.41837, -5.57817, 32.1841
-9.03765, -5.12343, 31.8573
-8.64665, -4.71872, 31.4737
-8.25159, -4.36611, 31.0424
-7.85833, -4.06596, 30.5723
-7.47225, -3.81722, 30.0718
-7.09809, -3.61774, 29.5484
-6.73993, -3.46456, 29.009
-6.40111, -3.35427, 28.4595
-6.0843, -3.2832, 27.9049
-5.79149, -3.24763, 27.3495
-5.52408, -3.24403, 26.7967
-5.28293, -3.26909, 26.2495
-5.06845, -3.31985, 25.7103
-4.88066, -3.39374, 25.181
-4.71931, -3.4886, 24.6633
-4.58391, -3.60267, 24.1586
-4.47384, -3.73458, 23.6681
-4.38836, -3.88333, 23.193
-4.32668, -4.04826, 22.7341
-4.28805, -4.229, 22.2926
-4.27169, -4.42547, 21.8695
-4.27692, -4.63778, 21.4658
-4.30313, -4.86628, 21.0825
-4.34977, -5.11144, 20.721
-4.41644, -5.37387, 20.3825
-4.50281, -5.65428, 20.0685
-4.60865, -5.95341, 19.7807
-4.73386, -6.27205, 19.5208
-4.8784, -6.61093, 19.291
-5.04235, -6.97072, 19.0935
-5.22583, -7.352, 18.9308
-5.42902, -7.75512, 18.806
-5.65215, -8.18021, 18.722
-5.89544, -8.62705, 18.6824
-6.15907, -9.09501, 18.6911
-6.44319, -9.58292, 18.7521
-6.74783, -10.0889, 18.87
-7.07286, -10.6105, 19.0495
-7.41793, -11.1439, 19.2953
-7.78242, -11.6846, 19.6125
-8.16532, -12.2265, 20.006
-8.56521, -12.7624, 20.4803
-8.98008, -13.2833, 21.0392
-9.4073, -13.7787, 21.686
-9.84348, -14.2362, 22.4222
-10.2844, -14.6421, 23.2476
-10.7248, -14.9811, 24.1598
-11.1587, -15.237, 25.153
-11.5787, -15.3932, 26.2181
-11.9766, -15.4335, 27.3422
-12.3435, -15.3431, 28.5078
-12.6693, -15.1096, 29.6931
-12.9439, -14.7249, 30.8723
-13.157, -14.1859, 32.0164
-13.2987, -13.4957, 33.0942
-13.3601, -12.6648, 34.0741
-13.3342, -11.7106, 34.9265
-13.2159, -10.6574, 35.6251
-13.0031, -9.5349, 36.1499
-12.6968, -8.37621, 36.4882
-12.3014, -7.2157, 36.6357
-11.8242, -6.08634, 36.5968
-11.2757, -5.01742, 36.3835
-10.6684, -4.03268, 36.0142
-10.0164, -3.14926, 35.5114
-9.3346, -2.37735, 34.9
-8.63748, -1.72058, 34.2047
-7.93884, -1.17693, 33.449
-7.25102, -0.739963, 32.6535
-6.58455, -0.40019, 31.8356
-5.94796, -0.146303, 31.0092
-5.34774, 0.033736, 30.185
-4.78844, 0.151862, 29.3707
-4.27284, 0.219316, 28.5716
-3.8022, 0.246269, 27.7909
-3.37653, 0.241635, 27.0307
-2.9948, 0.213005, 26.2918
-2.65525, 0.166686, 25.5744
-2.35558, 0.107786, 24.8782
-2.09315, 0.0403436, 24.2026
-1.86509, -0.0325389, 23.5469
-1.66849, -0.108556, 22.9104
-1.50046, -0.186069, 22.2923
-1.35823, -0.263988, 21.692
-1.23915, -0.341668, 21.1087
-1.14079, -0.418818, 20.5419
-1.06091, -0.495428, 19.991
-0.99751, -0.571705, 19.4556
-0.948804, -0.648022, 18.9351
-0.913227, -0.724882, 18.4291
-0.889427, -0.802886, 17.9374
-0.876251, -0.882711, 17.4595
-0.872739, -0.965093, 16.9951
-0.878104, -1.05082, 16.5441
-0.891722, -1.14072, 16.106
-0.913122, -1.23566, 15.6808
-0.941971, -1.33657, 15.2683
-0.978064, -1.44439, 14.8682
-1.02132, -1.56016, 14.4805
-1.07176, -1.68493, 14.1051
-1.12953, -1.81986, 13.7421
-1.19486, -1.96615, 13.3914
-1.26809, -2.12511, 13.0531
-1.34965, -2.29815, 12.7275
-1.44007, -2.48678, 12.4149
-1.53998, -2.69263, 12.1155
-1.6501, -2.91748, 11.83
-1.77128, -3.16324, 11.559
-1.90444, -3.43197, 11.3033
-2.05062, -3.72592, 11.064
-2.211, -4.0475, 10.8424
-2.38687, -4.39928, 10.6401
-2.57962, -4.78404, 10.4589
-2.79082, -5.20471, 10.3014
-3.02215, -5.66437, 10.1704
-3.27544, -6.16624, 10.0692
-3.55265, -6.7136, 10.0021
-3.8559, -7.30975, 9.97393
-4.18741, -7.95791, 9.99066
-4.54953, -8.66103, 10.0593
-4.94471, -9.42169, 10.1879
-5.37541, -10.2418, 10.3864
-5.84409, -11.1221, 10.6658
-6.35313, -12.0622, 11.0393
-6.90467, -13.0593, 11.5216
-7.50049, -14.1084, 12.1295
-8.14178, -15.2004, 12.8813
-8.82893, -16.3222, 13.7971
-9.56113, -17.4548, 14.8977
-10.336, -18.5723, 16.2037
-11.1491, -19.641, 17.7343
-11.9933, -20.6182, 19.5048
-12.8583, -21.4518, 21.5239
-13.7297, -22.0809, 23.7901
-14.5888, -22.4376, 26.2873
-15.4118, -22.4504, 28.9806
-16.1698, -22.0508, 31.812
-16.8294, -21.1811, 34.6986
-17.3536, -19.8047, 37.5326
-17.7039, -17.9173, 40.1867
-17.8436, -15.5554, 42.5247
-17.7411, -12.8005, 44.4164
-17.3748, -9.77644, 45.7563
-16.7365, -6.63733, 46.4813
-15.8344, -3.54829, 46.5826
-14.6936, -0.662835, 46.1078
-13.3539, 1.89763, 45.1525
-11.8662, 4.05679, 43.8422
-10.2863, 5.78641, 42.3115
-8.66934, 7.10002, 40.6846
-7.0649, 8.04087, 39.0623
-5.51371, 8.6685, 37.5168
-4.04632, 9.04701, 36.0924
-2.68319, 9.23697, 34.8103
-1.43591, 9.29084, 33.6749
-0.308847, 9.25136, 32.6796
0.69905, 9.15176, 31.8118
1.59265, 9.01691, 31.0562
2.37929, 8.86489, 30.3972
3.06769, 8.70851, 29.8201
3.66724, 8.55657, 29.3118
4.18741, 8.41496, 28.8611
4.6374, 8.28746, 28.4587
5.02595, 8.17638, 28.0967
5.36114, 8.08296, 27.7689
5.65041, 8.0077, 27.4705
5.90048, 7.95063, 27.1976
6.11739, 7.91141, 26.9472
6.30653, 7.88945, 26.717
6.47267, 7.88403, 26.5054
6.61998, 7.89429, 26.3113
6.75216, 7.91932, 26.1338
6.87238, 7.95814, 25.9725
6.98341, 8.00974, 25.8271
7.08759, 8.0731, 25.6977
7.18695, 8.14713, 25.5841
7.28316, 8.23077, 25.4867
7.37762, 8.32288, 25.4057
7.47147, 8.42234, 25.3413
7.56558, 8.52795, 25.2939
7.66066, 8.63851, 25.2638
7.75716, 8.75275, 25.2512
7.85541, 8.86936, 25.2564
7.95553, 8.987, 25.2794
8.0575, 9.10425, 25.3204
8.16116, 9.21966, 25.3793
8.26622, 9.33173, 25.4559
8.37225, 9.43894, 25.5498
8.47871, 9.53971, 25.6606
8.58497, 9.63248, 25.7875
8.69028, 9.71568, 25.9297
8.79381, 9.78779, 26.086
8.89466, 9.84732, 26.2551
8.99186, 9.89289, 26.4353
9.08439, 9.92322, 26.625
9.17119, 9.93722, 26.822
9.2512, 9.93395, 27.0242
9.32336, 9.91272, 27.229
9.38662, 9.8731, 27.434
9.43999, 9.81495, 27.6363
9.48257, 9.73844, 27.8333
9.51353, 9.64405, 28.0221
9.53218, 9.53263, 28.1999
9.53797, 9.40534, 28.3642
9.5305, 9.26365, 28.5123
9.50957, 9.10934, 28.642
9.47517, 8.94442, 28.7513
9.42749, 8.77113, 28.8384
9.36693, 8.59186, 28.902
9.29408, 8.40907, 28.9412
9.20975, 8.22529, 28.9554
9.11491, 8.04299, 28.9444
9.01069, 7.86459, 28.9084
8.89838, 7.69235, 28.8481
8.77937, 7.52836, 28.7643
8.65514, 7.3745, 28.6583
8.52721, 7.23241, 28.5316
8.39713, 7.10348, 28.3859
8.26647, 6.98885, 28.2231
8.13673, 6.8894, 28.045
8.00938, 6.80579, 27.8539
7.88581, 6.73844, 27.6517
7.76732, 6.68758, 27.4407
7.6551, 6.65327, 27.2228
7.55025, 6.63543, 27.0002
7.45372, 6.63383, 26.7749
7.36636, 6.64817, 26.5487
7.28891, 6.67805, 26.3237
7.22198, 6.72304, 26.1015
7.16608, 6.78263, 25.884
7.12161, 6.85631, 25.6728
7.08887, 6.94351, 25.4694
7.06809, 7.04367, 25.2755
7.0594, 7.1562, 25.0926
7.06286, 7.28046, 24.9221
7.07846, 7.41583, 24.7653
7.10612, 7.56161, 24.6238
7.14571, 7.71708, 24.4988
7.19704, 7.88145, 24.3916
7.25984, 8.05386, 24.3034
7.3338, 8.23337, 24.2355
7.41855, 8.41892, 24.1891
7.51365, 8.60936, 24.1652
7.61858, 8.80338, 24.1648
7.73276, 8.99956, 24.1889
7.85553, 9.19628, 24.2382
7.98612, 9.39178, 24.3135
8.12368, 9.58412, 24.4151
8.26725, 9.77121, 24.5434
8.41575, 9.95075, 24.6983
8.568, 10.1203, 24.8797
8.72269, 10.2774, 25.0868
8.87836, 10.4192, 25.3187
9.03347, 10.5432, 25.574
9.18631, 10.6466, 25.8509
9.33511, 10.7268, 26.1471
9.47796, 10.7812, 26.4596
9.61291, 10.8076, 26.7854
9.73794, 10.8041, 27.1204
9.85102, 10.769, 27.4606
9.95017, 10.7014, 27.8012
10.0334, 10.6008, 28.1374
10.099, 10.4674, 28.4639
10.1453, 10.3022, 28.7756
10.1709, 10.1067, 29.0672
10.1747, 9.88332, 29.3337
10.1559, 9.63518, 29.5706
10.114, 9.36595, 29.7737
10.0491, 9.07983, 29.9394
9.96168, 8.78143, 30.0649
9.85246, 8.47558, 30.1484
9.72274, 8.16722, 30.1887
9.57416, 7.8612, 30.1856
9.40871, 7.56216, 30.1397
9.22868, 7.27436, 30.0523
9.0366, 7.00163, 29.9255
8.83513, 6.74724, 29.7619
8.62706, 6.51388, 29.5646
8.41518, 6.30363, 29.3369
8.20224, 6.11801, 29.0824
7.99088, 5.95797, 28.8048
7.78361, 5.82397, 28.5077
7.58272, 5.71607, 28.1948
7.3903, 5.63396, 27.8695
7.2082, 5.57705, 27.5351
7.03802, 5.54457, 27.1946
6.88112, 5.53559, 26.851
6.73862, 5.54914, 26.5068
6.61145, 5.58419, 26.1646
6.50028, 5.63974, 25.8266
6.40565, 5.71483, 25.495
6.32792, 5.80857, 25.1717
6.26732, 5.92012, 24.8586
6.22395, 6.04874, 24.5575
6.19783, 6.19378, 24.27
6.18892, 6.35461, 23.9979
6.19708, 6.53071, 23.7428
6.22216, 6.72156, 23.5062
6.26395, 6.92668, 23.2899
6.32222, 7.14557, 23.0954
6.39671, 7.3777, 22.9245
6.48715, 7.62247, 22.7788
6.59321, 7.8792, 22.6601
6.71455, 8.14705, 22.5703
6.85078, 8.42504, 22.511
7.00147, 8.71197, 22.4842
7.1661, 9.00637, 22.4917
7.34407, 9.30651, 22.5353
7.53469, 9.6103, 22.6167
7.73714, 9.91532, 22.7377
7.95043, 10.2187, 22.8995
8.17342, 10.5172, 23.1035
8.40475, 10.807, 23.3506
8.64285, 11.0841, 23.6411
8.88588, 11.3437, 23.9751
9.13174, 11.581, 24.3518
9.37804, 11.7905, 24.7697
9.62211, 11.9669, 25.2264
9.86097, 12.1045, 25.7185
10.0914, 12.1977, 26.2416
10.3098, 12.2415, 26.7899
10.5125, 12.2311, 27.3567
10.6957, 12.1628, 27.9338
10.8556, 12.0339, 28.5124
10.9881, 11.843, 29.0824
11.0898, 11.5904, 29.6334
11.1573, 11.2779, 30.1546
11.1877, 10.9095, 30.6353
11.1787, 10.4908, 31.0654
11.1289, 10.0291, 31.4358
11.0376, 9.53319, 31.7388
10.9051, 9.01298, 31.9683
10.7327, 8.479, 32.1205
10.5224, 7.94197, 32.1935
10.2776, 7.41234, 32.1876
10.002, 6.89979, 32.1051
9.70025, 6.41288, 31.9502
9.37746, 5.95878, 31.7284
9.03897, 5.54309, 31.4463
8.69025, 5.16978, 31.1111
8.3367, 4.84126, 30.7306
7.98347, 4.55852, 30.3122
7.63534, 4.32133, 29.8633
7.29662, 4.12844, 29.3905
6.97107, 3.97786, 28.9002
6.66188, 3.86709, 28.3979
6.37165, 3.79331, 27.8883
6.10242, 3.75359, 27.3757
5.85573, 3.74503, 26.8636
5.63261, 3.76489, 26.355
5.43371, 3.81063, 25.8526
5.25932, 3.88001, 25.3586
5.10944, 3.97111, 24.8748
4.98388, 4.08232, 24.4029
4.88226, 4.21235, 23.9443
4.80409, 4.36023, 23.5004
4.74882, 4.52526, 23.0725
4.71587, 4.70701, 22.6618
4.70467, 4.90527, 22.2694
4.71467, 5.12004, 21.8968
4.74538, 5.35146, 21.5451
4.79634, 5.59982, 21.2159
4.86721, 5.86549, 20.9105
4.95768, 6.1489, 20.6307
5.06753, 6.45051, 20.3782
5.19663, 6.77074, 20.1551
5.34488, 7.10994, 19.9634
5.51226, 7.46835, 19.8057
5.69877, 7.84602, 19.6846
5.90443, 8.24278, 19.6029
6.12926, 8.65813, 19.5638
6.37323, 9.09115, 19.5707
6.63627, 9.54045, 19.6271
6.91817, 10.0041, 19.7369
7.21858, 10.4792, 19.904
7.53694, 10.9625, 20.1324
7.87244, 11.4493, 20.4263
8.2239, 11.9342, 20.7892
8.58978, 12.4103, 21.2246
8.96803, 12.8698, 21.7354
9.35605, 13.3032, 22.3234
9.75059, 13.7, 22.9891
10.1477, 14.0485, 23.7315
10.5427, 14.336, 24.5474
10.93, 14.5491, 25.4313
11.3033, 14.6744, 26.3746
11.6554, 14.699, 27.3654
11.9787, 14.6113, 28.3888
12.2649, 14.402, 29.4262
12.5053, 14.0651, 30.4561
12.6916, 13.5985, 31.4545
12.8156, 13.0054, 32.3962
12.8703, 12.2941, 33.2556
12.8499, 11.4788, 34.0085
12.7504, 10.5786, 34.6335
12.5701, 9.61689, 35.1137
12.3096, 8.61988, 35.4381
11.9724, 7.61499, 35.6016
11.5643, 6.62892, 35.606
11.0934, 5.68597, 35.4591
10.5699, 4.80658, 35.1739
10.0051, 4.00637, 34.7671
9.41114, 3.29577, 34.2577
8.80012, 2.68003, 33.6655
8.18377, 2.15983, 33.0097
7.5728, 1.732, 32.308
6.97666, 1.39052, 31.5758
6.40323, 1.12743, 30.8262
5.85883, 0.933731, 30.0695
5.34816, 0.800077, 29.3139
4.87446, 0.717334, 28.5653
4.43964, 0.676971, 27.8282
4.04445, 0.671302, 27.1053
3.68874, 0.693612, 26.3986
3.37158, 0.738192, 25.7092
3.09153, 0.800322, 25.0375
2.84672, 0.876198, 24.3838
2.63506, 0.96285, 23.7479
2.45431, 1.05805, 23.1297
2.30221, 1.16019, 22.5289
2.17655, 1.26824, 21.9452
2.07518, 1.38159, 21.3782
1.99614, 1.50004, 20.8278
1.93761, 1.62369, 20.2936
1.89797, 1.75292, 19.7756
1.87579, 1.88831, 19.2734
1.86984, 2.03064, 18.7871
1.8791, 2.18081, 18.3167
1.90275, 2.3399, 17.862
1.94016, 2.50907, 17.4234
1.99087, 2.6896, 17.0008
2.05461, 2.88288, 16.5947
2.13128, 3.09038, 16.2053
2.22094, 3.31369, 15.8333
2.32381, 3.55449, 15.4792
2.44023, 3.81455, 15.1438
2.57074, 4.09575, 14.8281
2.71595, 4.40008, 14.5334
2.87667, 4.72961, 14.2611
3.05381, 5.0865, 14.013
3.2484, 5.473, 13.7911
3.46161, 5.8914, 13.5981
3.69472, 6.34401, 13.4368
3.94913, 6.83312, 13.3109
4.22633, 7.36093, 13.2244
4.52788, 7.92945, 13.1822
4.85542, 8.54041, 13.1899
5.21061, 9.19509, 13.254
5.59512, 9.89411, 13.3821
6.01052, 10.6372, 13.5826
6.45826, 11.423, 13.8652
6.93957, 12.2483, 14.2407
7.45532, 13.1082, 14.7209
8.00588, 13.9949, 15.3185
8.59091, 14.8978, 16.0468
9.2092, 15.8022, 16.9194
9.85831, 16.6891, 17.9494
10.5343, 17.5345, 19.148
11.2315, 18.3088, 20.524
11.9418, 18.9771, 22.0812
12.6547, 19.4992, 23.817
13.3567, 19.8311, 25.7197
14.0313, 19.927, 27.7662
14.6588, 19.7425, 29.9199
15.2167, 19.2391, 32.1297
15.6803, 18.3896, 34.3296
16.0238, 17.1835, 36.4416
16.2221, 15.6325, 38.3796
16.2525, 13.7734, 40.0574
16.0973, 11.6689, 41.3973
15.7463, 9.40334, 42.3398
15.1982, 7.0753, 42.852
14.462, 4.78684, 42.9323
13.5566, 2.63187, 42.6106
12.51, 0.686011, 41.9427
11.3562, -0.999926, 41.0021
10.1321, -2.40187, 39.8688
8.87499, -3.52014, 38.6198
7.61881, -4.37405, 37.3218
6.39279, -4.99536, 36.0273
5.22009, -5.42194, 34.7735
4.11751, -5.69275, 33.5838
3.09595, -5.84433, 32.4703
2.16108, -5.90888, 31.437
1.31437, -5.91348, 30.4821
0.553991, -5.88011, 29.6009
-0.124202, -5.82609, 28.7868
-0.725966, -5.76471, 28.0329
-1.25802, -5.70601, 27.3326
-1.72758, -5.65736, 26.6797
-2.14196, -5.62405, 26.0692
-2.50839, -5.60982, 25.4968
-2.83375, -5.61716, 24.959
-3.12455, -5.64771, 24.4533
-3.3868, -5.70244, 23.9776
-3.62601, -5.78184, 23.5306
-3.84718, -5.88612, 23.1116
-4.05482, -6.01521, 22.72
-4.25297, -6.16895, 22.356
-4.44523, -6.34706, 22.0199
-4.6348, -6.5492, 21.7123
-4.82451, -6.77499, 21.4342
-5.01685, -7.024, 21.1868
-5.21401, -7.29573, 20.9716
-5.4179, -7.58962, 20.7903
-5.63018, -7.90496, 20.6449
-5.85226, -8.2409, 20.5376
-6.08534, -8.59635, 20.4708
-6.33036, -8.96994, 20.4472
-6.58808, -9.35992, 20.4696
-6.85897, -9.76412, 20.541
-7.14329, -10.1798, 20.6646
-7.441, -10.6037, 20.8434
-7.75173, -11.0316, 21.0807
-8.0748, -11.4587, 21.3791
-8.40909, -11.8792, 21.7415
-8.75306, -12.2864, 22.1697
-9.10468, -12.6725, 22.6652
-9.46135, -13.0289, 23.2282
-9.81988, -13.3459, 23.8578
-10.1765, -13.6134, 24.5513
-10.5266, -13.8206, 25.3043
-10.8652, -13.9565, 26.1099
-11.1866, -14.0107, 26.9591
-11.4843, -13.9735, 27.84
-11.7518, -13.8369, 28.7384
-11.9821, -13.5952, 29.6373
-12.1682, -13.2456, 30.5182
-12.3033, -12.7889, 31.3607
-12.3815, -12.2301, 32.1443
-12.3975, -11.5782, 32.8487
-12.3474, -10.8464, 33.4555
-12.229, -10.0517, 33.9488
-12.0419, -9.2135, 34.3169
-11.7876, -8.35321, 34.5523
-11.4699, -7.49246, 34.6526
-11.0942, -6.65203, 34.6203
-10.6679, -5.85054, 34.4624
-10.1995, -5.10356, 34.1895
-9.6986, -4.42298, 33.8149
-9.17508, -3.81678, 33.3537
-8.63893, -3.2891, 32.8214
-8.09965, -2.84066, 32.233
-7.56599, -2.46933, 31.6027
-7.04567, -2.17076, 30.943
-6.54522, -1.93911, 30.2646
-6.06991, -1.76763, 29.5764
-5.62378, -1.64924, 28.8855
-5.20972, -1.57689, 28.1975
-4.82952, -1.54396, 27.5165
-4.48408, -1.54436, 26.8458
-4.17354, -1.57275, 26.1874
-3.89741, -1.62453, 25.5429
-3.65473, -1.69585, 24.9134
-3.4442, -1.78361, 24.2996
-3.26432, -1.8854, 23.7018
-3.11341, -1.99939, 23.1204
-2.9898, -2.12432, 22.5555
-2.89181, -2.2594, 22.0073
-2.81784, -2.40425, 21.4759
-2.76639, -2.55886, 20.9614
-2.73611, -2.72349, 20.4641
-2.72581, -2.89869, 19.9841
-2.73446, -3.08522, 19.5218
-2.76121, -3.284, 19.0775
-2.8054, -3.49616, 18.6518
-2.86654, -3.72292, 18.2452
-2.94431, -3.96567, 17.8584
-3.03858, -4.22588, 17.4923
-3.14937, -4.5051, 17.148
-3.27686, -4.805, 16.8268
-3.42138, -5.12729, 16.5301
-3.58342, -5.47371, 16.2597
-3.76357, -5.84605, 16.0177
-3.96257, -6.24608, 15.8065
-4.18128, -6.67551, 15.6289
-4.42061, -7.13597, 15.4884
-4.6816, -7.62889, 15.3885
-4.96532, -8.15547, 15.3338
-5.27288, -8.71654, 15.3292
-5.60538, -9.31241, 15.3804
-5.96387, -9.94273, 15.4938
-6.34928, -10.6062, 15.6765
-6.7624, -11.3006, 15.9364
-7.20373, -12.0219, 16.2821
-7.6734, -12.7646, 16.7226
-8.17105, -13.521, 17.2675
-8.69567, -14.2807, 17.9263
-9.24541, -15.0306, 18.7083
-9.8174, -15.7541, 19.6217
-10.4075, -16.431, 20.673
-11.0101, -17.0376, 21.8657
-11.6177, -17.5466, 23.1994
-12.2212, -17.9277, 24.6681
-12.809, -18.1489, 26.2592
-13.3677, -18.1779, 27.9513
-13.8817, -17.9849, 29.7141
-14.3335, -17.545, 31.5072
-14.7048, -16.842, 33.2813
-14.9766, -15.8715, 34.9794
-15.131, -14.6441, 36.5405
-15.1521, -13.187, 37.9041
-15.0276, -11.5436, 39.0157
-14.7505, -9.77144, 39.8327
-14.3201, -7.93767, 40.3288
-13.7424, -6.11255, 40.498
-13.0304, -4.36273, 40.3541
-12.2031, -2.74495, 39.9288
-11.2842, -1.30142, 39.267
-10.3003, -0.0576526, 38.4209
-9.27852, 0.977226, 37.4438
-8.24497, 1.8082, 36.3855
-7.22299, 2.45087, 35.2881
-6.23225, 2.92768, 34.1852
-5.28818, 3.26436, 33.1011
-4.40191, 3.48718, 32.0519
-3.58063, 3.62099, 31.0472
-2.82799, 3.68809, 30.0912
-2.14481, 3.70767, 29.1847
-1.52962, 3.69572, 28.3262
-0.979268, 3.66523, 27.5129
-0.48944, 3.62651, 26.7414
-0.0550686, 3.58755, 26.0081
0.329322, 3.55447, 25.3098
0.669355, 3.53186, 24.6435
0.97061, 3.52306, 24.0066
1.23848, 3.53052, 23.3971
1.4781, 3.55595, 22.813
1.69424, 3.60057, 22.2532
1.89136, 3.66522, 21.7166
2.07352, 3.75053, 21.2025
2.24445, 3.85697, 20.7104
2.40752, 3.98495, 20.2402
2.5658, 4.13488, 19.7918
2.72209, 4.3072, 19.3655
2.87892, 4.50242, 18.9618
3.03862, 4.72114, 18.5813
3.20332, 4.96405, 18.2249
3.37501, 5.23192, 17.8937
3.55553, 5.52562, 17.5891
3.74663, 5.8461, 17.3127
3.94995, 6.19434, 17.0666
4.16709, 6.57134, 16.853
4.39957, 6.97805, 16.6746
4.64886, 7.41536, 16.5347
4.91637, 7.88397, 16.4368
5.20345, 8.38432, 16.3851
5.51138, 8.9165, 16.3842
5.84133, 9.48008, 16.4394
6.19434, 10.0739, 16.5566
6.57126, 10.6961, 16.7423
6.97269, 11.3435, 17.0034
7.39893, 12.0117, 17.3475
7.84983, 12.6947, 17.7823
8.32475, 13.3842, 18.3159
8.82235, 14.0701, 18.9559
9.34049, 14.7394, 19.7095
9.87601, 15.3765, 20.5826
10.4246, 15.9626, 21.5791
10.9806, 16.4764, 22.6999
11.5368, 16.8936, 23.9423
12.0844, 17.1883, 25.2985
12.6126, 17.3337, 26.7544
13.1092, 17.3036, 28.2889
13.5603, 17.0745, 29.8735
13.9507, 16.6282, 31.4715
14.2645, 15.9542, 33.0397
14.486, 15.0523, 34.5295
14.6005, 13.9345, 35.89
14.5953, 12.626, 37.0717
14.4613, 11.1648, 38.0311
14.1934, 9.59932, 38.7344
13.7922, 7.98503, 39.1616
13.2636, 6.3793, 39.3081
12.6191, 4.83638, 39.1853
11.875, 3.40272, 38.8184
11.0514, 2.11348, 38.243
10.1706, 0.990856, 37.5007
9.25559, 0.0441821, 36.6347
8.32835, -0.728545, 35.6857
7.40897, -1.33817, 34.6896
6.51457, -1.80154, 33.6755
5.65889, -2.13882, 32.6656
4.85217, -2.37126, 31.6754
4.10134, -2.5195, 30.7152
3.41037, -2.60254, 29.7906
2.78067, -2.6371, 28.9041
2.21165, -2.63745, 28.0558
1.70115, -2.61541, 27.2447
1.24589, -2.58057, 26.4687
0.841794, -2.5405, 25.7255
0.484361, -2.50112, 25.0128
0.168855, -2.46692, 24.3282
-0.109493, -2.44127, 23.6698
-0.355355, -2.42663, 23.0357
-0.573206, -2.42478, 22.4245
-0.767266, -2.43699, 21.8348
-0.941464, -2.46413, 21.2657
-1.09943, -2.50684, 20.7162
-1.24447, -2.56557, 20.1858
-1.37961, -2.64072, 19.6739
-1.50761, -2.73264, 19.1802
-1.63096, -2.84173, 18.7046
-1.75193, -2.96841, 18.2468
-1.8726, -3.11324, 17.807
-1.99487, -3.27685, 17.3853
-2.12052, -3.46002, 16.982
-2.25121, -3.66366, 16.5977
-2.3885, -3.88881, 16.2328
-2.53391, -4.13668, 15.8883
-2.68891, -4.4086, 15.5651
-2.85494, -4.70605, 15.2645
-3.03346, -5.03063, 14.988
-3.22592, -5.38406, 14.7374
-3.4338, -5.76816, 14.515
-3.65861, -6.18479, 14.3232
-3.9019, -6.63582, 14.1652
-4.16525, -7.12311, 14.0447
-4.45029, -7.64837, 13.9657
-4.75865, -8.2131, 13.9333
-5.09196, -8.81846, 13.953
-5.45185, -9.46509, 14.0315
-5.83985, -10.1529, 14.176
-6.25739, -10.8809, 14.3951
-6.70569, -11.6467, 14.698
-7.18567, -12.4464, 15.095
-7.69786, -13.2738, 15.5973
-8.24219, -14.1204, 16.2167
-8.81786, -14.9743, 16.9652
-9.42308, -15.82, 17.8546
-10.0548, -16.6379, 18.8959
-10.7086, -17.4037, 20.0977
-11.378, -18.0883, 21.4655
-12.0544, -18.6578, 22.9999
-12.727, -19.0745, 24.6942
-13.3821, -19.2981, 26.533
-14.0032, -19.288, 28.4901
-14.5713, -19.0065, 30.5267
-15.0651, -18.4231, 32.5914
-15.4617, -17.5192, 34.6205
-15.7379, -16.2927, 36.541
-15.8718, -14.7619, 38.2755
-15.8444, -12.9676, 39.7489
-15.6422, -10.9717, 40.8964
-15.2584, -8.85347, 41.6717
-14.6949, -6.7018, 42.0525
-13.9624, -4.60582, 42.0444
-13.0805, -2.64536, 41.6789
-12.0757, -0.883, 41.0085
-10.9796, 0.640583, 40.0991
-9.82558, 1.90753, 39.0208
-8.64678, 2.92035, 37.8401
-7.47326, 3.69718, 36.6142
-6.33061, 4.26638, 35.3882
-5.23908, 4.66127, 34.1944
-4.21332, 4.91601, 33.0533
-3.2628, 5.06278, 31.9762
-2.39244, 5.13012, 30.9671
-1.60344, 5.14223, 30.0255
-0.89408, 5.11894, 29.1478
-0.260559, 5.07606, 28.329
0.302378, 5.0259, 27.5636
0.800881, 4.97782, 26.8461
1.24156, 4.93883, 26.1716
1.63118, 4.91403, 25.5358
1.97638, 4.9071, 24.9352
2.28358, 4.92058, 24.3667
2.55881, 4.95619, 23.8282
2.80771, 5.01504, 23.3181
3.03544, 5.09784, 22.835
3.24672, 5.20498, 22.3784
3.44582, 5.33667, 21.9479
3.63661, 5.49301, 21.5435
3.82254, 5.67406, 21.1656
4.00672, 5.87983, 20.8148
4.19193, 6.11034, 20.492
4.38067, 6.36561, 20.1983
4.57517, 6.64565, 19.9353
4.77743, 6.95045, 19.7047
4.98924, 7.27993, 19.5084
5.2122, 7.63392, 19.3489
5.44773, 8.01206, 19.2287
5.69708, 8.41381, 19.1509
5.96131, 8.83829, 19.1185
6.24131, 9.28425, 19.1354
6.53777, 9.74991, 19.2053
6.85115, 10.2329, 19.3323
7.18163, 10.73, 19.5208
7.5291, 11.2372, 19.7752
7.89308, 11.7493, 20.0999
8.27266, 12.2602, 20.4992
8.66644, 12.7621, 20.9769
9.07242, 13.246, 21.5362
9.48794, 13.7014, 22.1791
9.9096, 14.1164, 22.9063
10.3331, 14.4775, 23.7166
10.7534, 14.7705, 24.6064
11.1644, 14.9802, 25.569
11.559, 15.0915, 26.5948
11.9294, 15.09, 27.6699
12.2669, 14.963, 28.777
12.5623, 14.7005, 29.8947
12.8062, 14.2966, 30.9983
12.9891, 13.7501, 32.0605
13.1024, 13.0661, 33.0526
13.1384, 12.2558, 33.9462
13.091, 11.3368, 34.7147
12.9566, 10.3324, 35.3358
12.7339, 9.27063, 35.7924
12.4246, 8.18177, 36.0747
12.0335, 7.09685, 36.1802
11.568, 6.04523, 36.114
11.0381, 5.05268, 35.888
10.4558, 4.1399, 35.5192
9.83401, 3.32165, 35.0283
9.18644, 2.60658, 34.4376
8.52642, 1.99761, 33.7695
7.86647, 1.49272, 33.0449
7.21778, 1.08609, 32.2824
6.5899, 0.769224, 31.4977
5.99058, 0.532033, 30.7035
5.42573, 0.363771, 29.9097
4.89952, 0.253766, 29.1234
4.41453, 0.191935, 28.3498
3.97196, 0.169123, 27.5923
3.57187, 0.177278, 26.8528
3.21341, 0.209518, 26.1326
2.89505, 0.260113, 25.432
2.61474, 0.32441, 24.751
2.37012, 0.39873, 24.0893
2.15864, 0.480255, 23.4464
1.97769, 0.566906, 22.8219
1.82468, 0.657229, 22.2152
1.69711, 0.750294, 21.6257
1.59263, 0.845596, 21.053
1.50905, 0.942982, 20.4966
1.4444, 1.04258, 19.9561
1.3969, 1.14474, 19.4311
1.36498, 1.25001, 18.9213
1.34732, 1.35905, 18.4264
1.34276, 1.47268, 17.9463
1.35037, 1.59179, 17.4806
1.3694, 1.71738, 17.0293
1.39927, 1.85052, 16.5924
1.43958, 1.99235, 16.1697
1.49008, 2.14409, 15.7612
1.55069, 2.30705, 15.3672
1.62145, 2.4826, 14.9877
1.70255, 2.67223, 14.623
1.7943, 2.87751, 14.2735
1.89714, 3.10011, 13.9398
2.01164, 3.34183, 13.6223
2.1385, 3.60457, 13.3219
2.27853, 3.89039, 13.0397
2.43265, 4.20145, 12.7769
2.60193, 4.54007, 12.5349
2.78756, 4.90867, 12.3156
2.99084, 5.30981, 12.1213
3.21321, 5.74616, 11.9545
3.45623, 6.22044, 11.8185
3.72158, 6.7354, 11.717
4.01106, 7.29376, 11.6545
4.32657, 7.89811, 11.6363
4.67008, 8.55075, 11.6686
5.04365, 9.25359, 11.7587
5.44931, 10.0079, 11.9151
5.88909, 10.814, 12.1474
6.36487, 11.6708, 12.4669
6.87834, 12.5758, 12.886
7.43082, 13.5238, 13.4187
8.02311, 14.5069, 14.0805
8.65527, 15.5133, 14.8875
9.32632, 16.5268, 15.8567
10.034, 17.5257, 17.0046
10.7742, 18.4818, 18.3463
11.5407, 19.3602, 19.8936
12.3247, 20.1187, 21.6532
13.114, 20.7082, 23.6236
13.8931, 21.0744, 25.7919
14.6425, 21.1599, 28.1312
15.3385, 20.9091, 30.597
15.954, 20.274, 33.1253
16.4588, 19.221, 35.6336
16.8216, 17.7397, 38.0228
17.0115, 15.849, 40.1847
17.0013, 13.6017, 42.0121
16.7706, 11.0841, 43.4118
16.3087, 8.40957, 44.3176
15.6169, 5.70647, 44.7011
14.7098, 3.1026, 44.5766
13.6147, 0.7092, 43.9987
12.3691, -1.39158, 43.0522
11.0167, -3.15302, 41.8386
9.60353, -4.56331, 40.4609
8.17352, -5.63952, 39.0113
6.76524, -6.4186, 37.5637
5.40996, -6.94799, 36.1707
4.13086, -7.27784, 34.8656
2.94333, -7.45554, 33.6647
1.8559, -7.52267, 32.5729
0.871477, -7.51378, 31.5867
-0.0113164, -7.45641, 30.6981
-0.796932, -7.37182, 29.8973
-1.49186, -7.27598, 29.1736
-2.10382, -7.18058, 28.517
-2.64111, -7.09398, 27.9186
-3.11219, -7.02202, 27.3708
-3.52533, -6.9686, 26.8671
-3.88842, -6.9362, 26.4026
-4.20885, -6.92628, 25.9732
-4.49342, -6.93952, 25.5758
-4.74832, -6.97607, 25.2083
-4.97912, -7.03567, 24.8691
-5.1908, -7.11779, 24.5571
-5.38777, -7.22172, 24.272
-5.57391, -7.34658, 24.0136
-5.75261, -7.4914, 23.782
-5.9268, -7.65511, 23.5777
-6.09899, -7.83655, 23.4015
-6.27133, -8.03448, 23.2541
-6.44559, -8.24756, 23.1365
-6.62324, -8.47432, 23.05
-6.80543, -8.71315, 22.9957
-6.99306, -8.96225, 22.9749
-7.18673, -9.21963, 22.9888
-7.38677, -9.48305, 23.0388
-7.59329, -9.75001, 23.1259
-7.80611, -10.0177, 23.2514
-8.02479, -10.283, 23.4161
-8.24865, -10.5425, 23.6205
-8.4767, -10.7923, 23.865
-8.70771, -11.0283, 24.1493
-8.94012, -11.2461, 24.4729
-9.17212, -11.4411, 24.8344
-9.40157, -11.6083, 25.2316
-9.62608, -11.743, 25.6618
-9.84299, -11.8402, 26.1211
-10.0494, -11.8954, 26.6048
-10.2422, -11.9044, 27.1072
-10.4181, -11.8637, 27.6216
-10.5739, -11.7708, 28.1404
-10.7062, -11.6239, 28.6553
-10.812, -11.4227, 29.1575
-10.8881, -11.1684, 29.6376
-10.9321, -10.8634, 30.0863
-10.9418, -10.512, 30.4949
-10.9156, -10.1195, 30.8549
-10.8527, -9.69304, 31.159
-10.753, -9.24035, 31.4013
-10.6171, -8.77014, 31.5774
-10.4466, -8.29146, 31.6844
-10.2437, -7.81338, 31.7215
-10.0116, -7.34456, 31.6895
-9.7537, -6.89298, 31.5907
-9.4743, -6.46563, 31.4289
-9.17788, -6.0683, 31.2091
-8.86915, -5.70551, 30.937
-8.55284, -5.38046, 30.6189
-8.23362, -5.09509, 30.2611
-7.91592, -4.85021, 29.8703
-7.60383, -4.64566, 29.4525
-7.30105, -4.48047, 29.0136
-7.0108, -4.35306, 28.5591
-6.73584, -4.26145, 28.0937
-6.47844, -4.20339, 27.6218
-6.24041, -4.17654, 27.1471
-6.02309, -4.17856, 26.6729
-5.82747, -4.20723, 26.2021
-5.65417, -4.26049, 25.7373
-5.50353, -4.33651, 25.2805
-5.37564, -4.43371, 24.8337
-5.27041, -4.55076, 24.3986
-5.1876, -4.68658, 23.9769
-5.12686, -4.84036, 23.5699
-5.08781, -5.01148, 23.1792
-5.07, -5.19956, 22.806
-5.07301, -5.40438, 22.4518
-5.0964, -5.62586, 22.1181
-5.13978, -5.86405, 21.8062
-5.20281, -6.11909, 21.5178
-5.28519, -6.39113, 21.2545
-5.38665, -6.68037, 21.0182
-5.507, -6.98695, 20.8109
-5.64606, -7.31094, 20.6346
-5.80371, -7.65227, 20.4917
-5.97982, -8.01071, 20.3846
-6.17427, -8.38575, 20.3161
-6.38692, -8.77659, 20.289
-6.61757, -9.18203, 20.3063
-6.86594, -9.60041, 20.3713
-7.13165, -10.0295, 20.4872
-7.41412, -10.4664, 20.6574
-7.7126, -10.9075, 20.8852
-8.02606, -11.3482, 21.1738
-8.35315, -11.7833, 21.526
-8.69216, -12.2063, 21.9443
-9.04092, -12.6096, 22.4304
-9.39676, -12.985, 22.985
-9.75646, -13.3229, 23.6076
-10.1162, -13.613, 24.2963
-10.4714, -13.8445, 25.047
-10.8171, -14.0063, 25.8537
-11.1474, -14.0873, 26.7078
-11.456, -14.0775, 27.5981
-11.736, -13.9679, 28.5105
-11.9804, -13.7519, 29.4287
-12.1819, -13.4258, 30.3337
-12.3336, -12.9894, 31.2054
-12.4288, -12.4464, 32.0224
-12.462, -11.8052, 32.7637
-12.4287, -11.0781, 33.4098
-12.3262, -10.2817, 33.9435
-12.1534, -9.43561, 34.3517
-11.9114, -8.56138, 34.6254
-11.6035, -7.68142, 34.761
-11.2348, -6.81748, 34.7599
-10.8124, -5.98938, 34.6283
-10.3449, -5.21396, 34.3764
-9.84177, -4.50433, 34.0176
-9.31322, -3.86956, 33.5669
-8.7695, -3.31472, 33.0405
-8.22049, -2.84119, 32.454
-7.67537, -2.44725, 31.8223
-7.14228, -2.12877, 31.1585
-6.62816, -1.8799, 30.4741
-6.13868, -1.6938, 29.7784
-5.67822, -1.56311, 29.0792
-5.24993, -1.48053, 28.3823
-4.85583, -1.43908, 27.6922
-4.49698, -1.43236, 27.0122
-4.17364, -1.45469, 26.3446
-3.88537, -1.50119, 25.6911
-3.63124, -1.56774, 25.0527
-3.40996, -1.65101, 24.4301
-3.21996, -1.74838, 23.8237
-3.05955, -1.85785, 23.2338
-2.92697, -1.97802, 22.6604
-2.82046, -2.10797, 22.1038
-2.73836, -2.24723, 21.5639
-2.67907, -2.39568, 21.0409
-2.64115, -2.55353, 20.5348
-2.62334, -2.72125, 20.0459
-2.62452, -2.89955, 19.5742
-2.64377, -3.08931, 19.1203
-2.68033, -3.2916, 18.6843
-2.73365, -3.50763, 18.2669
-2.80334, -3.73874, 17.8686
-2.8892, -3.98637, 17.4903
-2.99119, -4.25208, 17.1327
-3.10943, -4.53751, 16.7971
-3.2442, -4.84437, 16.4846
-3.39594, -5.17444, 16.197
-3.5652, -5.52953, 15.9361
-3.75268, -5.9115, 15.7039
-3.95921, -6.32216, 15.5032
-4.18571, -6.76328, 15.3368
-4.4332, -7.23653, 15.2083
-4.70278, -7.74337, 15.1216
-4.99559, -8.285, 15.0813
-5.31282, -8.86223, 15.0928
-5.65561, -9.47531, 15.1619
-6.02507, -10.1238, 15.2955
-6.42218, -10.8061, 15.501
-6.84772, -11.5198, 15.7868
-7.30219, -12.2605, 16.1618
-7.78568, -13.0222, 16.6356
-8.29775, -13.7963, 17.2183
-8.83723, -14.5718, 17.9196
-9.40207, -15.3342, 18.7492
-9.9891, -16.0657, 19.7154
-10.5938, -16.7446, 20.8245
-11.21, -17.3454, 22.0795
-11.8297, -17.839, 23.4791
-12.4429, -18.1934, 25.0158
-13.0373, -18.3748, 26.6745
-13.5984, -18.35, 28.4312
-14.1095, -18.0887, 30.2519
-14.5524, -17.5666, 32.0921
-14.9076, -16.7697, 33.8983
-15.1557, -15.6971, 35.6096
-15.2783, -14.3643, 37.1621
-15.2598, -12.8043, 38.4935
-15.0886, -11.0671, 39.5499
-14.7593, -9.21636, 40.2913
-14.2728, -7.32399, 40.6965
-13.6377, -5.46318, 40.7656
-12.8693, -3.70109, 40.5194
-11.9892, -2.09261, 39.9965
-11.0231, -0.676236, 39.2473
-9.999, 0.527386, 38.3276
-8.9451, 1.5143, 37.2928
-7.88763, 2.29429, 36.1923
-6.84962, 2.88687, 35.0672
-5.84996, 3.31733, 33.949
-4.90304, 3.61319, 32.8594
-4.01883, 3.80162, 31.8123
-3.20333, 3.9077, 30.815
-2.45912, 3.95345, 29.8702
-1.78602, 3.95754, 28.9773
-1.18174, 3.93531, 28.1338
-0.642469, 3.89905, 27.3363
-0.163363, 3.85841, 26.5809
0.261042, 3.82079, 25.864
0.636512, 3.7918, 25.182
0.968872, 3.77557, 24.532
1.26383, 3.77513, 23.9115
1.52686, 3.79262, 23.3183
1.76312, 3.82954, 22.7509
1.97741, 3.88695, 22.208
2.17414, 3.96557, 21.6888
2.35738, 4.06595, 21.1925
2.5308, 4.1885, 20.719
2.69774, 4.33359, 20.2682
2.86124, 4.50161, 19.8403
3.02405, 4.69298, 19.4357
3.18868, 4.9082, 19.055
3.35741, 5.14783, 18.6991
3.53235, 5.41251, 18.3692
3.71545, 5.70298, 18.0666
3.90852, 6.01999, 17.7929
4.11327, 6.36436, 17.5503
4.3313, 6.73688, 17.3409
4.56414, 7.13831, 17.1676
4.81325, 7.56926, 17.0334
5.08, 8.03021, 16.9418
5.36566, 8.52129, 16.897
5.67145, 9.0423, 16.9035
5.99841, 9.59246, 16.9663
6.34745, 10.1703, 17.0912
6.71928, 10.7736, 17.2842
7.11433, 11.3988, 17.552
7.5327, 12.0411, 17.9015
7.97404, 12.6943, 18.34
8.43746, 13.3499, 18.8745
8.92142, 13.9977, 19.5118
9.42355, 14.6248, 20.2581
9.9405, 15.2158, 21.1178
10.4678, 15.7528, 22.0936
10.9997, 16.2152, 23.1852
11.529, 16.5807, 24.3883
12.0469, 16.825, 25.6939
12.5432, 16.9241, 27.0873
13.006, 16.8545, 28.5472
13.4222, 16.5963, 30.0453
13.7776, 16.1346, 31.5469
14.0578, 15.4618, 33.0111
14.2483, 14.5802, 34.3932
14.3362, 13.5032, 35.6469
14.3105, 12.2556, 36.7283
14.1635, 10.8735, 37.5989
13.8916, 9.40173, 38.2299
13.4961, 7.89061, 38.6047
12.9832, 6.39174, 38.7207
12.364, 4.95346, 38.589
11.654, 3.61695, 38.2327
10.8716, 2.41333, 37.6839
10.0374, 1.36235, 36.9799
9.17223, 0.472423, 36.1593
8.29639, -0.257944, 35.2587
7.42812, -0.83809, 34.3103
6.58313, -1.28275, 33.3406
5.77407, -1.60974, 32.3703
5.0105, -1.83799, 31.4142
4.29896, -1.98608, 30.4821
3.64328, -2.07123, 29.58
3.04501, -2.10878, 28.7108
2.5038, -2.11188, 27.8753
2.01786, -2.09155, 27.073
1.58432, -2.05678, 26.3025
1.19956, -2.01474, 25.5621
0.859529, -1.97107, 24.8498
0.559922, -1.93006, 24.1637
0.296386, -1.89496, 23.5021
0.0646395, -1.86813, 22.8633
-0.139437, -1.85129, 22.246
-0.319737, -1.84564, 21.6491
-0.47989, -1.852, 21.0714
-0.623245, -1.87092, 20.5123
-0.752869, -1.90278, 19.9708
-0.871551, -1.94787, 19.4466
-0.98182, -2.00643, 18.9391
-1.08596, -2.07871, 18.448
-1.18606, -2.16499, 17.9729
-1.28398, -2.26563, 17.5137
-1.38145, -2.38109, 17.0703
-1.48005, -2.51193, 16.6427
-1.58124, -2.65883, 16.2308
-1.68641, -2.82261, 15.835
-1.79685, -3.00425, 15.4554
-1.91385, -3.20484, 15.0925
-2.03864, -3.42565, 14.7469
-2.17246, -3.6681, 14.4191
-2.31657, -3.93379, 14.1101
-2.47223, -4.22443, 13.8211
-2.64078, -4.54192, 13.5533
-2.82357, -4.8883, 13.3085
-3.02204, -5.26574, 13.0886
-3.2377, -5.67652, 12.8961
-3.47213, -6.12299, 12.7337
-3.727, -6.60756, 12.605
-4.00404, -7.1326, 12.514
-4.30506, -7.70037, 12.4654
-4.63194, -8.31294, 12.4649
-4.98657, -8.97199, 12.5188
-5.37088, -9.67865, 12.6347
-5.78672, -10.4333, 12.8214
-6.23586, -11.235, 13.0886
-6.71985, -12.0818, 13.4474
-7.23994, -12.9692, 13.9104
-7.79693, -13.8905, 14.4909
-8.39099, -14.836, 15.2036
-9.0214, -15.7917, 16.0633
-9.68629, -16.7393, 17.0849
-10.3823, -17.655, 18.2823
-11.1043, -18.5091, 19.6668
-11.8448, -19.2657, 21.2457
-12.5937, -19.8825, 23.0197
-13.3376, -20.3124, 24.9807
-14.0601, -20.5048, 27.1088
-14.7409, -20.4093, 29.3697
-15.3565, -19.9797, 31.7129
-15.8807, -19.1805, 34.0708
-16.2852, -17.9933, 36.3606
-16.5419, -16.4226, 38.4888
-16.6247, -14.5016, 40.3583
-16.512, -12.2926, 41.8788
-16.1901, -9.88477, 42.978
-15.6545, -7.38611, 43.6121
-14.9125, -4.9114, 43.7723
-13.9827, -2.56867, 43.4867
-12.8939, -0.446699, 42.8145
-11.6828, 1.39352, 41.8369
-10.39, 2.92183, 40.6444
-9.05646, 4.13667, 39.3249
-7.72034, 5.05891, 37.9546
-6.41432, 5.72413, 36.5934
-5.16436, 6.17507, 35.2832
-3.98931, 6.45559, 34.0499
-2.90129, 6.6066, 32.9061
-1.90663, 6.66388, 31.8552
-1.00693, 6.65719, 30.8944
-0.200188, 6.61038, 30.017
0.518149, 6.54203, 29.2149
1.15435, 6.46625, 28.4797
1.71571, 6.39347, 27.8034
2.20999, 6.33128, 27.1787
2.64506, 6.28503, 26.5997
3.02862, 6.25838, 26.0611
3.36799, 6.25371, 25.5592
3.67005, 6.2725, 25.0906
3.94114, 6.31551, 24.6533
4.18704, 6.38302, 24.2454
4.41297, 6.47497, 23.8661
4.62361, 6.59105, 23.5149
4.82313, 6.73078, 23.1914
5.01521, 6.89356, 22.8962
5.20308, 7.0787, 22.6296
5.38959, 7.28544, 22.3925
5.57718, 7.51293, 22.186
5.76796, 7.76025, 22.0114
5.96375, 8.02634, 21.8702
6.16605, 8.31001, 21.764
6.37608, 8.60988, 21.6948
6.59481, 8.92435, 21.6644
6.82297, 9.25152, 21.6749
7.061, 9.58915, 21.7285
7.30909, 9.93461, 21.8273
7.56717, 10.2848, 21.9735
7.83485, 10.6361, 22.169
8.11144, 10.9843, 22.4156
8.39592, 11.3246, 22.7146
8.6869, 11.6517, 23.067
8.9826, 11.9594, 23.4731
9.28082, 12.2412, 23.9323
9.57891, 12.4899, 24.4432
9.87379, 12.6981, 25.0029
10.1619, 12.858, 25.6074
10.4393, 12.9622, 26.2511
10.7016, 13.0033, 26.9266
10.9441, 12.975, 27.625
11.1618, 12.872, 28.3355
11.3497, 12.6905, 29.0461
11.5029, 12.4289, 29.7433
11.6164, 12.0877, 30.4129
11.686, 11.6702, 31.0402
11.708, 11.1825, 31.611
11.6797, 10.6329, 32.112
11.5992, 10.0326, 32.5315
11.4661, 9.39445, 32.8602
11.2812, 8.73265, 33.0915
11.0467, 8.06205, 33.2218
10.7663, 7.39729, 33.2509
10.4445, 6.75211, 33.1815
10.0873, 6.13868, 33.0188
9.70112, 5.56711, 32.7706
9.29299, 5.04517, 32.446
8.87016, 4.57823, 32.0552
8.43977, 4.16924, 31.6087
8.00867, 3.81907, 31.1168
7.58313, 3.52675, 30.5894
7.16876, 3.28992, 30.0355
6.77039, 3.10516, 29.4628
6.39201, 2.9684, 28.8784
6.03678, 2.87525, 28.2879
5.70708, 2.82124, 27.6962
5.40456, 2.80205, 27.1072
5.13024, 2.81366, 26.5239
4.88457, 2.85247, 25.9489
4.66757, 2.91533, 25.3842
4.4789, 2.99956, 24.8314
4.31793, 3.10299, 24.2918
4.18386, 3.22391, 23.7664
4.07578, 3.36104, 23.2563
3.99271, 3.51352, 22.7622
3.93366, 3.68082, 22.2849
3.89767, 3.86276, 21.8252
3.88387, 4.05942, 21.384
3.89145, 4.27111, 20.962
3.91973, 4.49837, 20.5603
3.96812, 4.74188, 20.1798
4.03619, 5.00247, 19.8218
4.12361, 5.28108, 19.4875
4.23021, 5.57871, 19.1785
4.3559, 5.8964, 18.8964
4.50074, 6.23519, 18.6432
4.66489, 6.5961, 18.4211
4.84859, 6.98004, 18.2326
5.05217, 7.38781, 18.0805
5.27602, 7.81998, 17.968
5.52055, 8.27685, 17.8985
5.78618, 8.75837, 17.8762
6.07332, 9.26398, 17.9053
6.38228, 9.79251, 17.9905
6.71328, 10.3421, 18.1372
7.06633, 10.9098, 18.3506
7.44123, 11.4918, 18.6367
7.83742, 12.0828, 19.0013
8.25393, 12.676, 19.4502
8.68928, 13.2629, 19.989
9.14132, 13.8332, 20.6226
9.60716, 14.3745, 21.3547
10.083, 14.8723, 22.1876
10.564, 15.3102, 23.1213
11.0443, 15.67, 24.1527
11.5166, 15.9324, 25.2753
11.9726, 16.0776, 26.4781
12.4026, 16.0861, 27.745
12.7959, 15.9407, 29.0548
13.1409, 15.6275, 30.3808
13.4256, 15.1377, 31.6913
13.6379, 14.4695, 32.951
13.7663, 13.6291, 34.1224
13.801, 12.6318, 35.1683
13.7342, 11.5016, 36.0544
13.561, 10.2707, 36.7521
13.2802, 8.97702, 37.2412
12.8943, 7.66175, 37.5113
12.4102, 6.36596, 37.5629
11.8382, 5.12741, 37.407
11.1919, 3.97782, 37.0631
10.4872, 2.94098, 36.5575
9.74119, 2.03194, 35.9198
8.97131, 1.25719, 35.1805
8.19415, 0.615681, 34.3688
7.42477, 0.100389, 33.5105
6.67616, -0.299937, 32.6274
5.95891, -0.599071, 31.7367
5.28108, -0.811855, 30.8514
4.64837, -0.953063, 29.9805
4.06426, -1.0366, 29.13
3.53037, -1.07503, 28.3035
3.04672, -1.07931, 27.5027
2.61212, -1.05873, 26.728
2.22442, -1.02098, 25.979
1.88083, -0.972278, 25.255
1.57813, -0.917547, 24.5548
1.31286, -0.860578, 23.8772
1.08146, -0.804229, 23.2211
0.880437, -0.750584, 22.5852
0.706385, -0.701109, 21.9685
0.556085, -0.656779, 21.3702
0.426535, -0.618192, 20.7892
0.314968, -0.585663, 20.225
0.218865, -0.559302, 19.6768
0.13595, -0.539077, 19.144
0.0641863, -0.524864, 18.6261
0.00176103, -0.516485, 18.1226
-0.0529313, -0.513743, 17.633
-0.101307, -0.516441, 17.1569
-0.144611, -0.524403, 16.6939
-0.183938, -0.537486, 16.2436
-0.220251, -0.555589, 15.8057
-0.254399, -0.578661, 15.3799
-0.287131, -0.606705, 14.9659
-0.319119, -0.639779, 14.5632
-0.350963, -0.678006, 14.1718
-0.383214, -0.721568, 13.7913
-0.416377, -0.770712, 13.4214
-0.450929, -0.825751, 13.062
-0.487327, -0.887071, 12.7128
-0.526014, -0.955124, 12.3737
-0.567434, -1.03044, 12.0444
-0.612032, -1.11364, 11.7249
-0.660271, -1.2054, 11.4149
-0.712629, -1.30652, 11.1145
-0.769617, -1.41788, 10.8236
-0.831775, -1.54047, 10.5422
-0.899688, -1.67539, 10.2703
-0.973988, -1.82387, 10.008
-1.05536, -1.98727, 9.75561
-1.14457, -2.16708, 9.51325
-1.24242, -2.36499, 9.28132
-1.34983, -2.58282, 9.06032
-1.46778, -2.82259, 8.85085
-1.59738, -3.08653, 8.65371
-1.73981, -3.37706, 8.46989
-1.8964, -3.69684, 8.30065
-2.06859, -4.04877, 8.14752
-2.25797, -4.43596, 8.0124
-2.46628, -4.86181, 7.89762
-2.69542, -5.32991, 7.80602
-2.94745, -5.84409, 7.74106
-3.22462, -6.40837, 7.70696
-3.52935, -7.02686, 7.70878
-3.86425, -7.70374, 7.75268
-4.23207, -8.44306, 7.84601
-4.63574, -9.24862, 7.99761
-5.0783, -10.1236, 8.21795
-5.56282, -11.0704, 8.51947
-6.0924, -12.09, 8.91675
-6.66999, -13.1812, 9.42674
-7.29823, -14.3401, 10.069
-7.97929, -15.5592, 10.8654
-8.71453, -16.8256, 11.8406
-9.50411, -18.1199, 13.0208
-10.3466, -19.4146, 14.4331
-11.2382, -20.6723, 16.1043
-12.1722, -21.844, 18.0575
-13.1382, -22.8681, 20.3094
-14.1208, -23.67, 22.8653
-15.0991, -24.1643, 25.7133
-16.0459, -24.2583, 28.8179
-16.9271, -23.8598, 32.1137
-17.702, -22.888, 35.5011
-18.3248, -21.288, 38.8454
-18.7463, -19.047, 41.9827
-18.919, -16.2078, 44.7339
-18.8012, -12.8768, 46.9262
-18.364, -9.2202, 48.421
-17.5965, -5.44624, 49.14
-16.5099, -1.77628, 49.0832
-15.1381, 1.58956, 48.3306
-13.535, 4.50208, 47.0266
-11.7678, 6.87939, 45.3508
-9.90849, 8.70696, 43.4857
-8.02616, 10.024, 41.5896
-6.18028, 10.9032, 39.781
-4.41728, 11.4306, 38.1358
-2.76972, 11.6902, 36.6918
-1.2574, 11.7554, 35.4587
0.110355, 11.6853, 34.4273
1.33214, 11.5245, 33.5779
2.41202, 11.3051, 32.8863
3.35753, 11.0496, 32.3272
4.17815, 10.773, 31.8765
4.88425, 10.4851, 31.5125
5.4863, 10.1925, 31.2161
5.9945, 9.89934, 30.971
6.41847, 9.60851, 30.7631
6.7672, 9.32213, 30.5809
7.04894, 9.0419, 30.4148
7.27131, 8.7694, 30.2571
7.44127, 8.50612, 30.1014
7.56521, 8.25354, 29.9429
7.64901, 8.01313, 29.7781
7.69809, 7.78633, 29.6043
7.71746, 7.57448, 29.4198
7.71174, 7.3788, 29.2238
7.68521, 7.20038, 29.016
7.64183, 7.04011, 28.7967
7.58522, 6.89869, 28.5666
7.51874, 6.77661, 28.3268
7.44544, 6.67418, 28.0786
7.36808, 6.59149, 27.8235
7.28918, 6.5285, 27.5632
7.21098, 6.48498, 27.2993
7.13545, 6.4606, 27.0336
7.06436, 6.45492, 26.7679
6.99923, 6.46744, 26.5039
6.94138, 6.49757, 26.2432
6.89191, 6.54473, 25.9877
6.85178, 6.60827, 25.7388
6.82175, 6.68755, 25.4982
6.80245, 6.78192, 25.2675
6.79437, 6.89073, 25.0481
6.79788, 7.01333, 24.8415
6.81326, 7.14906, 24.6492
6.84065, 7.29722, 24.4725
6.88016, 7.45712, 24.3129
6.93176, 7.628, 24.1718
6.99539, 7.80906, 24.0505
7.0709, 7.99943, 23.9504
7.15806, 8.19814, 23.8728
7.25658, 8.40409, 23.819
7.36608, 8.61609, 23.7901
7.48612, 8.83276, 23.7875
7.61615, 9.05255, 23.8122
7.75554, 9.27375, 23.8652
7.90354, 9.4944, 23.9474
8.0593, 9.71237, 24.0593
8.22184, 9.92528, 24.2015
8.39004, 10.1305, 24.3741
8.56264, 10.3253, 24.5771
8.73823, 10.5067, 24.8099
8.91523, 10.6715, 25.0715
9.09192, 10.8164, 25.3606
9.26641, 10.9383, 25.6752
9.43666, 11.0338, 26.0127
9.60052, 11.0999, 26.3701
9.7557, 11.1337, 26.7436
9.89984, 11.1326, 27.1287
10.0306, 11.0947, 27.5206
10.1455, 11.0186, 27.9137
10.2423, 10.9035, 28.3022
10.3187, 10.7496, 28.6799
10.3729, 10.5578, 29.0405
10.403, 10.3302, 29.3776
10.4077, 10.0695, 29.6852
10.3861, 9.77961, 29.9578
10.3375, 9.46497, 30.1902
10.262, 9.13082, 30.3784
10.16, 8.78283, 30.5191
10.0326, 8.42697, 30.6101
9.88137, 8.06927, 30.6503
9.70825, 7.71562, 30.6397
9.51572, 7.37159, 30.5793
9.30656, 7.04221, 30.4711
9.08384, 6.7319, 30.3179
8.85078, 6.44434, 30.123
8.61073, 6.18245, 29.8904
8.36698, 5.94837, 29.6243
8.12279, 5.7435, 29.3291
7.88122, 5.56857, 29.0092
7.64514, 5.42373, 28.6689
7.41714, 5.30863, 28.3123
7.19954, 5.22256, 27.9435
6.99434, 5.16449, 27.5659
6.80324, 5.13325, 27.1831
6.62765, 5.12751, 26.7979
6.46869, 5.14594, 26.4134
6.32721, 5.18724, 26.0318
6.20385, 5.25014, 25.6557
6.09903, 5.33351, 25.287
6.01301, 5.43629, 24.9279
5.94591, 5.5576, 24.58
5.89772, 5.69663, 24.2451
5.86835, 5.85274, 23.925
5.85765, 6.02537, 23.6211
5.86542, 6.21406, 23.3352
5.89142, 6.41842, 23.0688
5.93541, 6.6381, 22.8236
5.99712, 6.87278, 22.6013
6.07628, 7.12211, 22.4036
6.17263, 7.3857, 22.2322
6.28586, 7.66308, 22.0892
6.4157, 7.95363, 21.9764
6.56181, 8.25658, 21.8959
6.72384, 8.57095, 21.8498
6.90137, 8.89545, 21.8402
7.09392, 9.22852, 21.8694
7.3009, 9.5682, 21.9395
7.52161, 9.91211, 22.0527
7.75518, 10.2574, 22.211
8.00058, 10.6006, 22.4164
8.25653, 10.9379, 22.6702
8.52154, 11.2647, 22.9738
8.79378, 11.5759, 23.3277
9.07115, 11.8658, 23.732
9.35116, 12.1281, 24.1859
9.63098, 12.3563, 24.6874
9.90737, 12.5434, 25.2337
10.1767, 12.6824, 25.8204
10.4351, 12.7664, 26.4416
10.6782, 12.7892, 27.0902
10.9014, 12.7451, 27.7572
11.1001, 12.6296, 28.4324
11.2695, 12.44, 29.1041
11.4049, 12.1754, 29.7597
11.502, 11.8368, 30.3858
11.5568, 11.4281, 30.969
11.5663, 10.9552, 31.4963
11.5279, 10.4266, 31.9557
11.4403, 9.85289, 32.3368
11.3035, 9.24609, 32.6315
11.1183, 8.61947, 32.8342
10.8872, 7.98667, 32.9421
10.6136, 7.36105, 32.9551
10.3021, 6.75507, 32.8762
9.95817, 6.17971, 32.7104
9.588, 5.64409, 32.4649
9.19813, 5.1552, 32.1481
8.79529, 4.71785, 31.7694
8.38609, 4.33473, 31.3385
7.97685, 4.00664, 30.8648
7.57338, 3.73275, 30.3574
7.18088, 3.51099, 29.8245
6.80382, 3.33831, 29.2735
6.4459, 3.2111, 28.7109
6.1101, 3.12543, 28.1421
5.79867, 3.07728, 27.5717
5.51317, 3.06276, 27.0034
5.25462, 3.07826, 26.4404
5.0235, 3.1205, 25.8851
4.81989, 3.18662, 25.3395
4.64353, 3.2742, 24.8055
4.49393, 3.38124, 24.2843
4.3704, 3.50619, 23.7771
4.27214, 3.64789, 23.2851
4.19831, 3.80555, 22.8091
4.14804, 3.97869, 22.3501
4.1205, 4.16716, 21.909
4.1149, 4.37103, 21.4867
4.13054, 4.59062, 21.0842
4.16683, 4.82639, 20.7027
4.22326, 5.079, 20.3433
4.29946, 5.34918, 20.0073
4.39514, 5.63777, 19.6963
4.51015, 5.94563, 19.4118
4.64445, 6.27366, 19.1559
4.79809, 6.62271, 18.9305
4.9712, 6.99354, 18.7381
5.16399, 7.38679, 18.5814
5.37672, 7.80291, 18.4634
5.6097, 8.24209, 18.3874
5.86323, 8.70413, 18.3571
6.13758, 9.18842, 18.3765
6.43294, 9.69375, 18.4501
6.74943, 10.2182, 18.5826
7.08695, 10.7591, 18.7791
7.4452, 11.3125, 19.0447
7.82356, 11.8736, 19.3848
8.22103, 12.436, 19.8047
8.63612, 12.9918, 20.3092
9.06673, 13.5314, 20.9026
9.51011, 14.0434, 21.5882
9.96264, 14.5147, 22.3678
10.4198, 14.9303, 23.2411
10.8761, 15.2737, 24.2052
11.3249, 15.5276, 25.254
11.7584, 15.6739, 26.3775
12.1679, 15.6954, 27.5611
12.5435, 15.5764, 28.7857
12.8748, 15.304, 30.0275
13.1507, 14.8701, 31.2582
13.3602, 14.2724, 32.4461
13.493, 13.5156, 33.5575
13.5397, 12.6122, 34.5588
13.4932, 11.5827, 35.4184
13.3486, 10.4547, 36.1096
13.1042, 9.26115, 36.6123
12.7619, 8.03862, 36.9152
12.327, 6.82408, 37.0162
11.8083, 5.65234, 36.9224
11.2175, 4.55348, 36.6493
10.5686, 3.55109, 36.2185
9.87702, 2.66126, 35.6555
9.15851, 1.89248, 34.9875
8.42851, 1.24631, 34.241
7.70128, 0.718528, 33.4405
6.98935, 0.300634, 32.6068
6.30323, -0.0187024, 31.7573
5.65119, -0.252288, 30.9055
5.03934, -0.413306, 30.0612
4.47172, -0.514505, 29.2314
3.95059, -0.567651, 28.4206
3.47665, -0.583214, 27.6313
3.04936, -0.570227, 26.8649
2.66722, -0.536286, 26.1218
2.32802, -0.487618, 25.4015
2.02905, -0.429213, 24.7035
1.76732, -0.364969, 24.0269
1.53969, -0.297852, 23.3708
1.34299, -0.230043, 22.7343
1.17413, -0.163078, 22.1165
1.03016, -0.0979714, 21.5166
0.908284, -0.0353234, 20.9338
0.805952, 0.0245884, 20.3675
0.720822, 0.0817341, 19.817
0.650789, 0.136269, 19.2819
0.593978, 0.188486, 18.7615
0.548736, 0.238771, 18.2554
0.513622, 0.287582, 17.7633
0.487391, 0.335416, 17.2846
0.468979, 0.382803, 16.819
0.457491, 0.430289, 16.3662
0.45218, 0.47843, 15.9258
0.452438, 0.52779, 15.4975
0.457778, 0.578942, 15.081
0.467826, 0.632464, 14.6761
0.482306, 0.688947, 14.2824
0.501033, 0.748998, 13.8997
0.523905, 0.813242, 13.5279
0.550895, 0.882336, 13.1666
0.582045, 0.956966, 12.8156
0.617464, 1.03786, 12.4749
0.657325, 1.1258, 12.1442
0.701859, 1.22163, 11.8235
0.751361, 1.32624, 11.5126
0.806184, 1.44063, 11.2116
0.866744, 1.56585, 10.9204
0.93352, 1.70308, 10.639
1.00706, 1.85359, 10.3676
1.08798, 2.01879, 10.1063
1.17698, 2.20021, 9.85544
1.27483, 2.39954, 9.61536
1.38239, 2.61862, 9.38652
1.50062, 2.85948, 9.16957
1.63058, 3.12433, 8.9653
1.77344, 3.41559, 8.77471
1.93051, 3.7359, 8.59906
2.10319, 4.08813, 8.43989
2.29305, 4.47536, 8.29911
2.50181, 4.90093, 8.17905
2.73134, 5.36839, 8.08256
2.98368, 5.8815, 8.01312
3.26103, 6.44419, 7.97492
3.56579, 7.06049, 7.97303
3.90051, 7.73447, 8.01357
4.26791, 8.47004, 8.10387
4.67085, 9.27086, 8.25269
5.11231, 10.14, 8.47045
5.5953, 11.0796, 8.76944
6.12282, 12.0904, 9.16408
6.69773, 13.1712, 9.6711
7.32257, 14.3179, 10.3097
7.99939, 15.5226, 11.1015
8.72943, 16.7725, 12.0703
9.51274, 18.0482, 13.242
10.3477, 19.3223, 14.6429
11.2306, 20.5578, 16.2987
12.1545, 21.7064, 18.2316
13.1089, 22.7074, 20.4574
14.0787, 23.4882, 22.9803
15.0432, 23.9651, 25.7879
15.9755, 24.0482, 28.8446
16.8421, 23.6481, 32.0858
17.6032, 22.6871, 35.4137
18.2139, 21.1127, 38.6969
18.6267, 18.9131, 41.7761
18.795, 16.1308, 44.4774
18.6786, 12.869, 46.6334
18.2496, 9.28852, 48.1098
17.4973, 5.59091, 48.8303
16.4326, 1.99039, 48.7935
15.0883, -1.31875, 48.0753
13.5166, -4.19061, 46.8136
11.7825, -6.54374, 45.1814
9.95623, -8.36161, 43.355
8.10505, -9.68008, 41.4888
6.28731, -10.5681, 39.6994
4.54881, -11.1084, 38.0625
2.92193, -11.383, 36.6171
1.4266, -11.4637, 35.3742
0.0724251, -11.4092, 34.3266
-1.13883, -11.2639, 33.4563
-2.2109, -11.0604, 32.7404
-3.15105, -10.8214, 32.1549
-3.96856, -10.5624, 31.677
-4.67365, -10.2936, 31.2857
-5.27671, -10.0218, 30.9628
-5.78789, -9.75131, 30.6926
-6.21683, -9.48495, 30.4619
-6.57247, -9.22476, 30.2595
-6.86308, -8.97223, 30.0764
-7.09623, -8.72861, 29.9052
-7.27882, -8.49504, 29.7398
-7.41716, -8.2726, 29.5756
-7.51701, -8.06233, 29.4092
-7.58363, -7.86524, 29.2378
-7.62186, -7.68228, 29.0598
-7.63611, -7.51432, 28.8742
-7.63044, -7.36213, 28.6804
-7.60856, -7.22634, 28.4784
-7.57387, -7.10744, 28.2688
-7.52948, -7.00579, 28.0522
-7.47819, -6.9216, 27.8296
-7.42257, -6.85492, 27.6023
-7.36492, -6.8057, 27.3715
-7.30728, -6.77375, 27.1386
-7.25149, -6.7588, 26.9052
-7.19916, -6.76048, 26.6727
-7.15169, -6.77836, 26.4427
-7.1103, -6.81196, 26.2165
-7.07602, -6.86074, 25.9958
-7.04974, -6.92414, 25.7819
-7.03218, -7.00157, 25.5763
-7.02393, -7.09243, 25.3805
-7.02545, -7.19608, 25.1957
-7.03709, -7.31187, 25.0233
-7.05911, -7.43911, 24.8647
-7.09164, -7.5771, 24.7212
-7.13476, -7.72506, 24.5939
-7.18844, -7.8822, 24.4842
-7.25257, -8.04763, 24.3932
-7.32698, -8.22039, 24.3221
-7.41141, -8.39944, 24.272
-7.50552, -8.5836, 24.244
-7.6089, -8.77159, 24.2389
-7.72105, -8.96199, 24.2578
-7.84137, -9.15324, 24.3014
-7.96918, -9.34361, 24.3702
-8.10369, -9.53122, 24.4648
-8.24402, -9.71401, 24.5855
-8.38914, -9.88979, 24.7322
-8.53794, -10.0562, 24.9047
-8.68917, -10.2108, 25.1024
-8.84146, -10.351, 25.3244
-8.99331, -10.4742, 25.5694
-9.14312, -10.5777, 25.8357
-9.28915, -10.6591, 26.1209
-9.42961, -10.7158, 26.4226
-9.56259, -10.7457, 26.7375
-9.68617, -10.7468, 27.062
-9.79839, -10.7176, 27.3921
-9.89732, -10.6571, 27.7234
-9.98108, -10.5646, 28.0511
-10.0479, -10.4404, 28.3702
-10.0962, -10.2851, 28.6759
-10.1247, -10.1003, 28.9629
-10.1321, -9.88811, 29.2265
-10.1176, -9.65137, 29.4621
-10.0809, -9.39355, 29.6656
-10.0219, -9.11859, 29.8336
-9.94081, -8.83086, 29.9631
-9.83847, -8.53497, 30.0522
-9.71599, -8.23566, 30.0997
-9.5749, -7.93763, 30.105
-9.41705, -7.64538, 30.0686
-9.2446, -7.36311, 29.9917
-9.05995, -7.09462, 29.876
-8.86564, -6.84319, 29.724
-8.66435, -6.61156, 29.5384
-8.45878, -6.40189, 29.3226
-8.25159, -6.2158, 29.0798
-8.04539, -6.05437, 28.8137
-7.84262, -5.91818, 28.5277
-7.64557, -5.8074, 28.2253
-7.45631, -5.72186, 27.9101
-7.2767, -5.66108, 27.5851
-7.10835, -5.62439, 27.2535
-6.95267, -5.61095, 26.9181
-6.81081, -5.61985, 26.5816
-6.68371, -5.65013, 26.2464
-6.57212, -5.70082, 25.9148
-6.47661, -5.771, 25.5891
-6.39757, -5.85977, 25.2711
-6.33527, -5.96633, 24.9628
-6.28987, -6.08992, 24.6659
-6.2614, -6.22987, 24.3822
-6.24985, -6.38555, 24.1134
-6.25512, -6.55641, 23.861
-6.27706, -6.74192, 23.6267
-6.31549, -6.94155, 23.4121
-6.37018, -7.1548, 23.2189
-6.44089, -7.38111, 23.0487
-6.52734, -7.61987, 22.9032
-6.6292, -7.87036, 22.7841
-6.74615, -8.13176, 22.6931
-6.87778, -8.40308, 22.6321
-7.02365, -8.68311, 22.6027
-7.18326, -8.97043, 22.6069
-7.35601, -9.26332, 22.6463
-7.5412, -9.55976, 22.7226
-7.73801, -9.85737, 22.8373
-7.94549, -10.1534, 22.992
-8.16249, -10.4447, 23.1876
-8.38769, -10.7276, 23.4251
-8.61955, -10.9982, 23.7049
-8.85629, -11.252, 24.0268
-9.09587, -11.4842, 24.3903
-9.33598, -11.6899, 24.7937
-9.57403, -11.8636, 25.235
-9.80714, -12, 25.7107
-10.0322, -12.0938, 26.2165
-10.2458, -12.1402, 26.7472
-10.4444, -12.1346, 27.296
-10.6243, -12.0733, 27.8555
-10.7817, -11.9537, 28.417
-10.9131, -11.7744, 28.9711
-11.0147, -11.5355, 29.5077
-11.0835, -11.2388, 30.0164
-11.1167, -10.8878, 30.4871
-11.112, -10.4876, 30.9101
-11.0679, -10.0452, 31.2763
-10.9837, -9.56876, 31.5784
-10.8596, -9.06763, 31.8102
-10.6968, -8.5518, 31.9678
-10.4971, -8.03153, 32.0491
-10.2635, -7.51684, 32.0541
-9.99971, -7.01713, 31.9846
-9.71, -6.54078, 31.8443
-9.39919, -6.09489, 31.6384
-9.0724, -5.6851, 31.3728
-8.73488, -5.31552, 31.0546
-8.39184, -4.98879, 30.6908
-8.04829, -4.70615, 30.2888
-7.70891, -4.46765, 29.8555
-7.37794, -4.27235, 29.3977
-7.05912, -4.11853, 28.9215
-6.75564, -4.00395, 28.4322
-6.47014, -3.92601, 27.9348
-6.20472, -3.882, 27.4335
-5.96098, -3.86915, 26.9318
-5.74005, -3.88483, 26.4329
-5.54266, -3.92661, 25.9395
-5.36919, -3.99229, 25.4538
-5.21973, -4.07997, 24.9778
-5.09417, -4.18807, 24.5133
-4.99221, -4.31527, 24.0617
-4.91342, -4.4606, 23.6244
-4.85732, -4.62331, 23.2029
-4.82337, -4.80293, 22.7984
-4.81105, -4.99921, 22.4121
-4.81983, -5.21208, 22.0454
-4.84924, -5.44162, 21.6995
-4.89885, -5.68807, 21.3761
-4.96831, -5.95171, 21.0764
-5.05731, -6.23291, 20.8024
-5.16563, -6.53204, 20.5557
-5.29311, -6.84944, 20.3384
-5.43965, -7.18538, 20.1525
-5.60517, -7.53999, 20.0006
-5.78964, -7.91324, 19.8853
-5.99306, -8.30483, 19.8093
-6.21537, -8.71415, 19.7757
-6.45651, -9.1402, 19.7878
-6.71633, -9.58146, 19.8492
-6.99456, -10.0358, 19.9635
-7.29078, -10.5005, 20.1345
-7.60436, -10.9719, 20.366
-7.93439, -11.4455, 20.6617
-8.27965, -11.9156, 21.0252
-8.6385, -12.3757, 21.4595
-9.00883, -12.8177, 21.967
-9.38798, -13.2325, 22.5493
-9.77269, -13.6099, 23.2065
-10.159, -13.9384, 23.9371
-10.5422, -14.2059, 24.7377
-10.9168, -14.3997, 25.6023
-11.2767, -14.507, 26.5221
-11.6148, -14.5159, 27.4855
-11.9238, -14.4156, 28.4774
-12.1955, -14.1979, 29.4798
-12.422, -13.8576, 30.4718
-12.5951, -13.3934, 31.4305
-12.7073, -12.809, 32.3318
-12.7521, -12.1131, 33.1514
-12.724, -11.3194, 33.8668
-12.6196, -10.4465, 34.458
-12.4375, -9.51691, 34.9096
-12.1787, -8.55548, 35.2114
-11.8465, -7.58811, 35.359
-11.4469, -6.6399, 35.3546
-10.9876, -5.73362, 35.2056
-10.4785, -4.88841, 34.9243
-9.93027, -4.11891, 34.5266
-9.35456, -3.43489, 34.0304
-8.76292, -2.84137, 33.4543
-8.16646, -2.33904, 32.8164
-7.57539, -1.92505, 32.1334
-6.99868, -1.59385, 31.42
-6.44389, -1.33808, 30.6886
-5.91706, -1.14935, 29.9492
-5.42273, -1.01893, 29.2099
-4.96406, -0.93824, 28.4763
-4.54294, -0.899249, 27.7529
-4.16018, -0.894694, 27.0426
-3.8157, -0.918209, 26.3475
-3.50871, -0.964367, 25.6686
-3.23789, -1.02867, 25.0067
-3.00154, -1.10749, 24.3622
-2.79771, -1.19799, 23.735
-2.62433, -1.29804, 23.1251
-2.47928, -1.40613, 22.5323
-2.36049, -1.52127, 21.9565
-2.26596, -1.64293, 21.3974
-2.19385, -1.77095, 20.8548
-2.14246, -1.90549, 20.3287
-2.11029, -2.04696, 19.819
-2.096, -2.19601, 19.3255
-2.09849, -2.35347, 18.8483
-2.11681, -2.52032, 18.3875
-2.15024, -2.6977, 17.9433
-2.19824, -2.88684, 17.5159
-2.26044, -3.08912, 17.1057
-2.33666, -3.30599, 16.713
-2.42689, -3.53904, 16.3386
-2.53126, -3.78994, 15.983
-2.65008, -4.06044, 15.6473
-2.78381, -4.35241, 15.3326
-2.93303, -4.6678, 15.0402
-3.09848, -5.00863, 14.7716
-3.28103, -5.377, 14.5289
-3.48167, -5.77505, 14.3143
-3.7015, -6.20493, 14.1306
-3.94176, -6.66879, 13.9809
-4.20377, -7.16868, 13.869
-4.48893, -7.7065, 13.7992
-4.79872, -8.2839, 13.7767
-5.13463, -8.90214, 13.8073
-5.49819, -9.56192, 13.8977
-5.89085, -10.2632, 14.0557
-6.31396, -11.0048, 14.2898
-6.76867, -11.7844, 14.6097
-7.25584, -12.5976, 15.0261
-7.77591, -13.4382, 15.5504
-8.32873, -14.297, 16.1948
-8.91335, -15.1616, 16.9715
-9.52781, -16.0158, 17.8928
-10.1689, -16.839, 18.9694
-10.8317, -17.6057, 20.2101
-11.5096, -18.2856, 21.62
-12.1935, -18.8435, 23.1988
-12.872, -19.2403, 24.9389
-13.5306, -19.4346, 26.8232
-14.1524, -19.3849, 28.8231
-14.7175, -19.0535, 30.8972
-15.2038, -18.4106, 32.991
-15.5879, -17.4392, 35.0375
-15.8461, -16.1402, 36.9611
-15.9563, -14.5361, 38.6822
-15.8999, -12.6722, 40.125
-15.664, -10.6155, 41.2259
-15.2431, -8.44967, 41.9411
-14.6405, -6.26664, 42.2531
-13.869, -4.15686, 42.1726
-12.9497, -2.19947, 41.7366
-11.9111, -0.454629, 41.0025
-10.7859, 1.04064, 40.0395
-9.60856, 2.27258, 38.9197
-8.41234, 3.2476, 37.7097
-7.2272, 3.98712, 36.4659
-6.0782, 4.52181, 35.2316
-4.9848, 4.88646, 34.0371
-3.9608, 5.11588, 32.9009
-3.01477, 5.24234, 31.8326
-2.1508, 5.29408, 30.8349
-1.36937, 5.29481, 29.9061
-0.668173, 5.26378, 29.042
-0.0429275, 5.21621, 28.237
0.511981, 5.16385, 27.4855
1.00296, 5.11558, 26.7817
1.43681, 5.07801, 26.1207
1.82039, 5.0559, 25.4982
2.16042, 5.05264, 24.9107
2.46334, 5.07056, 24.3553
2.73518, 5.11119, 23.8298
2.98154, 5.17553, 23.3328
3.20756, 5.26414, 22.863
3.41791, 5.37733, 22.4199
3.61681, 5.51523, 22.0032
3.80807, 5.67788, 21.6131
3.99507, 5.86524, 21.2499
4.18089, 6.07727, 20.9144
4.36823, 6.31392, 20.6075
4.55952, 6.57509, 20.3306
4.75695, 6.86071, 20.0852
4.96243, 7.17062, 19.873
5.17769, 7.5046, 19.6963
5.40425, 7.86229, 19.5573
5.64344, 8.24315, 19.4589
5.89641, 8.64636, 19.4039
6.16411, 9.07077, 19.3956
6.4473, 9.51478, 19.4378
6.74652, 9.97627, 19.534
7.06205, 10.4524, 19.6884
7.39389, 10.9396, 19.9051
7.74171, 11.4333, 20.1881
8.10478, 11.9279, 20.5417
8.48193, 12.4166, 20.9694
8.87145, 12.8914, 21.4744
9.27103, 13.3427, 22.059
9.67769, 13.7599, 22.7243
10.0877, 14.1307, 23.4697
10.4964, 14.4421, 24.2927
10.8985, 14.6802, 25.1881
11.2876, 14.8306, 26.1479
11.6567, 14.8795, 27.1607
11.9977, 14.8143, 28.2114
12.3022, 14.6244, 29.2815
12.5613, 14.3024, 30.3492
12.7661, 13.8453, 31.3898
12.9081, 13.2551, 32.3768
12.9795, 12.5393, 33.2832
12.974, 11.7118, 34.0831
12.8869, 10.7917, 34.7535
12.7159, 9.80296, 35.2755
12.4614, 8.77304, 35.6364
12.1262, 7.73078, 35.83
11.7161, 6.70461, 35.8572
11.2393, 5.72065, 35.7254
10.7062, 4.80105, 35.4479
10.1285, 3.96292, 35.042
9.51877, 3.21779, 34.5278
8.88985, 2.57167, 33.9262
8.25405, 2.02555, 33.2576
7.62274, 1.57627, 32.5407
7.00592, 1.21752, 31.7922
6.41198, 0.940901, 31.0257
5.84763, 0.736829, 30.2524
5.31789, 0.595347, 29.4807
4.82619, 0.506718, 28.717
4.37456, 0.461847, 27.9656
3.96382, 0.452544, 27.2295
3.59377, 0.471657, 26.5105
3.26345, 0.513111, 25.8097
2.97129, 0.571879, 25.1274
2.71532, 0.64391, 24.4637
2.49329, 0.726036, 23.8185
2.30283, 0.81586, 23.1913
2.14153, 0.911658, 22.5818
2.00701, 1.01227, 21.9897
1.897, 1.11701, 21.4144
1.80938, 1.22558, 20.8557
1.7422, 1.33802, 20.3131
1.69371, 1.45462, 19.7865
1.66235, 1.5759, 19.2755
1.64679, 1.70253, 18.78
1.64588, 1.83537, 18.2999
1.65869, 1.97537, 17.835
1.68448, 2.12361, 17.3853
1.72269, 2.28126, 16.9509
1.77295, 2.44958, 16.5318
1.83503, 2.62993, 16.1283
1.9089, 2.82377, 15.7407
1.99465, 3.03264, 15.3693
2.09254, 3.25818, 15.0146
2.20295, 3.50214, 14.6773
2.32642, 3.76637, 14.3583
2.46361, 4.05285, 14.0585
2.61531, 4.36364, 13.7793
2.78245, 4.70094, 13.5221
2.96607, 5.06703, 13.2888
3.16736, 5.4643, 13.0816
3.38761, 5.89519, 12.9031
3.62825, 6.36219, 12.7566
3.8908, 6.86777, 12.6456
4.17691, 7.41431, 12.5746
4.48829, 8.00403, 12.5487
4.82672, 8.63884, 12.5739
5.19404, 9.32018, 12.6573
5.59205, 10.0488, 12.8068
6.0225, 10.8246, 13.0316
6.48701, 11.6459, 13.3422
6.98692, 12.5097, 13.7502
7.52324, 13.4106, 14.2685
8.09641, 14.3402, 14.911
8.70613, 15.2868, 15.6923
9.35113, 16.2347, 16.6273
10.0288, 17.1628, 17.7302
10.7349, 18.0446, 19.0135
11.4632, 18.8476, 20.4867
12.205, 19.5331, 22.1536
12.9485, 20.0566, 24.0109
13.6792, 20.3696, 26.0449
14.3786, 20.4218, 28.2287
15.0251, 20.1648, 30.5205
15.594, 19.5578, 32.8618
16.0581, 18.5735, 35.1779
16.3894, 17.2045, 37.381
16.5608, 15.4689, 39.3758
16.5484, 13.4141, 41.0687
16.3344, 11.1153, 42.378
15.9097, 8.6708, 43.2452
15.2755, 6.19208, 43.6435
14.4446, 3.79066, 43.5823
13.4406, 1.56514, 43.105
12.2961, -0.409525, 42.282
11.0497, -2.08781, 41.199
9.74216, -3.45402, 39.9453
8.41299, -4.51799, 38.6029
7.0975, -5.3081, 37.2396
5.82494, -5.86353, 35.906
4.61762, -6.22753, 34.6357
3.49094, -6.44237, 33.4478
2.45409, -6.5462, 32.3504
1.51098, -6.57163, 31.3434
0.66141, -6.54533, 30.4223
-0.0978982, -6.4884, 29.5798
-0.77234, -6.41709, 28.8078
-1.36867, -6.34363, 28.0979
-1.89437, -6.27701, 27.4429
-2.35724, -6.22367, 26.8361
-2.76502, -6.18813, 26.272
-3.12521, -6.17342, 25.7463
-3.44489, -6.18148, 25.2554
-3.73064, -6.21346, 24.7966
-3.9885, -6.26989, 24.3681
-4.22396, -6.35092, 23.9685
-4.44197, -6.45639, 23.5972
-4.64694, -6.58593, 23.2537
-4.84281, -6.73905, 22.9383
-5.03303, -6.91514, 22.6512
-5.22065, -7.11352, 22.3933
-5.40831, -7.33344, 22.1654
-5.59833, -7.57406, 21.9689
-5.79268, -7.83446, 21.805
-5.99303, -8.11357, 21.6756
-6.20077, -8.41017, 21.5822
-6.41705, -8.72285, 21.5271
-6.64274, -9.0499, 21.5121
-6.87845, -9.38934, 21.5395
-7.12455, -9.73877, 21.6117
-7.38114, -10.0954, 21.7308
-7.64803, -10.4558, 21.899
-7.92474, -10.8163, 22.1184
-8.21044, -11.1721, 22.3908
-8.50397, -11.5183, 22.7175
-8.80377, -11.849, 23.0994
-9.10787, -12.1577, 23.5366
-9.41385, -12.4372, 24.0282
-9.71884, -12.6802, 24.5725
-10.0195, -12.8786, 25.1661
-10.312, -13.0244, 25.8043
-10.592, -13.1097, 26.4807
-10.8549, -13.1272, 27.1873
-11.0957, -13.0705, 27.9139
-11.3092, -12.9345, 28.6489
-11.49, -12.716, 29.3791
-11.6331, -12.4141, 30.0901
-11.7335, -12.0302, 30.7667
-11.787, -11.569, 31.3938
-11.79, -11.0377, 31.9565
-11.7399, -10.4463, 32.4416
-11.6355, -9.80733, 32.8378
-11.4766, -9.13494, 33.1364
-11.2649, -8.44447, 33.3318
-11.0031, -7.75155, 33.4218
-10.6954, -7.07124, 33.4076
-10.3474, -6.41733, 33.2932
-9.96535, -5.80168, 33.0855
-9.55643, -5.23379, 32.7934
-9.12809, -4.72061, 32.4272
-8.68787, -4.26649, 31.9978
-8.24312, -3.87337, 31.5163
-7.8007, -3.54111, 30.9932
-7.36687, -3.26783, 30.4386
-6.94705, -3.05033, 29.8611
-6.54585, -2.88457, 29.2685
-6.16696, -2.76597, 28.6673
-5.81325, -2.68977, 28.0629
-5.48677, -2.65129, 27.4597
-5.18884, -2.64608, 26.8612
-4.92017, -2.6701, 26.2702
-4.68094, -2.71978, 25.689
-4.47093, -2.79205, 25.1192
-4.28956, -2.88436, 24.5623
-4.13604, -2.99467, 24.0193
-4.00942, -3.12143, 23.4912
-3.90866, -3.26351, 22.9788
-3.8327, -3.42018, 22.4829
-3.78049, -3.59108, 22.004
-3.75103, -3.77615, 21.543
-3.74341, -3.97559, 21.1006
-3.75683, -4.18985, 20.6776
-3.7906, -4.41957, 20.2748
-3.84418, -4.66554, 19.8934
-3.91715, -4.92869, 19.5343
-4.00921, -5.21006, 19.1991
-4.12023, -5.51074, 18.889
-4.25019, -5.83187, 18.6059
-4.39919, -6.17459, 18.3516
-4.56744, -6.54002, 18.1284
-4.75526, -6.92918, 17.9389
-4.96303, -7.34296, 17.7858
-5.19121, -7.78205, 17.6725
-5.4403, -8.24688, 17.6025
-5.7108, -8.73748, 17.5799
-6.00318, -9.25341, 17.6092
-6.31786, -9.79363, 17.6954
-6.65513, -10.3563, 17.8437
-7.0151, -10.9387, 18.0601
-7.39765, -11.5369, 18.3505
-7.80231, -12.1456, 18.7213
-8.2282, -12.7579, 19.1785
-8.67388, -13.3653, 19.7283
-9.13727, -13.9571, 20.3761
-9.61549, -14.5204, 21.126
-10.1047, -15.0403, 21.9809
-10.6001, -15.4996, 22.941
-11.0955, -15.8792, 24.0038
-11.5836, -16.1586, 25.1629
-12.0556, -16.3167, 26.4071
-12.5017, -16.3329, 27.72
-12.9105, -16.1883, 29.0795
-13.2698, -15.868, 30.4578
-13.567, -15.3621, 31.8215
-13.7892, -14.6683, 33.1332
-13.9244, -13.7929, 34.3531
-13.9619, -12.7519, 35.4416
-13.8933, -11.5709, 36.362
-13.7135, -10.2843, 37.084
-13.4211, -8.93258, 37.5862
-13.0187, -7.55986, 37.8579
-12.5136, -6.20998, 37.9002
-11.9169, -4.92305, 37.7256
-11.243, -3.73246, 37.3556
-10.5089, -2.66293, 36.8187
-9.73281, -1.72963, 36.1471
-8.93299, -0.93851, 35.3735
-8.12695, -0.28752, 34.5287
-7.33044, 0.231668, 33.64
-6.55692, 0.631698, 32.7297
-5.81724, 0.927688, 31.8155
-5.11958, 1.13568, 30.9104
-4.46958, 1.27143, 30.0233
-3.87057, 1.34967, 29.1598
-3.32394, 1.38353, 28.323
-2.82942, 1.3844, 27.5142
-2.38551, 1.36188, 26.7335
-1.98977, 1.32385, 25.9802
-1.63911, 1.27664, 25.2531
-1.33001, 1.22524, 24.5509
-1.05875, 1.17346, 23.8721
-0.821547, 1.12419, 23.2154
-0.614676, 1.07952, 22.5796
-0.434544, 1.04093, 21.9635
-0.277756, 1.00942, 21.366
-0.141149, 0.985629, 20.7864
-0.0218137, 0.969916, 20.2238
0.0829061, 0.962469, 19.6776
0.175412, 0.963348, 19.1471
0.257862, 0.972545, 18.6317
0.332192, 0.990022, 18.1311
0.400127, 1.01575, 17.6448
0.463208, 1.04971, 17.1723
0.522811, 1.09195, 16.7134
0.580168, 1.14259, 16.2677
0.63639, 1.20178, 15.835
0.692484, 1.26979, 15.415
0.749376, 1.34698, 15.0074
0.807926, 1.43379, 14.6122
0.868945, 1.53075, 14.2291
0.933211, 1.63853, 13.8581
1.00148, 1.7579, 13.4992
1.07452, 1.88973, 13.1522
1.15307, 2.03503, 12.8174
1.23793, 2.19494, 12.4948
1.3299, 2.37075, 12.1847
1.42985, 2.56388, 11.8874
1.53867, 2.77592, 11.6033
1.65734, 3.0086, 11.333
1.78689, 3.26387, 11.0773
1.92847, 3.54381, 10.837
2.08328, 3.85073, 10.6134
2.25265, 4.18712, 10.4079
2.43802, 4.55565, 10.2223
2.64095, 4.95921, 10.0587
2.86313, 5.40084, 9.91979
3.10637, 5.88376, 9.80864
3.37264, 6.41129, 9.7291
3.66406, 6.98683, 9.68574
3.98284, 7.61374, 9.68402
4.33137, 8.29525, 9.73044
4.71211, 9.03428, 9.8327
5.12759, 9.83322, 9.99987
5.58039, 10.6936, 10.2426
6.07302, 11.6159, 10.5732
6.60785, 12.5986, 11.006
7.18696, 13.638, 11.557
7.81198, 14.7271, 12.2444
8.48383, 15.8551, 13.088
9.20243, 17.0057, 14.109
9.9663, 18.1562, 15.329
10.7721, 19.2765, 16.769
11.6142, 20.3273, 18.4474
12.4838, 21.2599, 20.3774
13.3683, 22.016, 22.5636
14.2511, 22.5285, 24.9979
15.1102, 22.7247, 27.655
15.9186, 22.5308, 30.4874
16.6442, 21.88, 33.4224
17.2503, 20.7222, 36.3608
17.6976, 19.035, 39.1795
17.9469, 16.8347, 41.7399
17.9622, 14.1838, 43.9014
17.7158, 11.1913, 45.5401
17.1922, 8.00509, 46.5681
16.3915, 4.79461, 46.9497
15.3319, 1.72798, 46.7088
14.048, -1.05149, 45.9252
12.5881, -3.44311, 44.7192
11.0084, -5.39671, 43.2299
9.36701, -6.90971, 41.5937
7.71809, -8.01644, 39.9268
6.10786, -8.77389, 38.3167
4.57224, -9.24828, 36.8203
3.13645, -9.50482, 35.468
1.81589, -9.60152, 34.2699
0.617764, -9.58648, 33.2223
-0.457043, -9.49749, 32.3134
-1.41219, -9.36307, 31.5275
-2.25437, -9.20404, 30.8479
-2.99204, -9.03517, 30.2584
-3.63459, -8.86665, 29.7444
-4.19167, -8.70534, 29.2932
-4.67277, -8.5557, 28.8941
-5.08693, -8.42049, 28.5381
-5.44261, -8.30129, 28.2179
-5.74757, -8.19888, 27.9277
-6.00891, -8.11348, 27.6628
-6.23298, -8.04493, 27.4197
-6.42548, -7.99282, 27.1956
-6.5915, -7.95658, 26.9883
-6.7355, -7.93554, 26.7964
-6.86144, -7.92891, 26.6186
-6.97276, -7.93591, 26.4543
-7.07248, -7.95567, 26.303
-7.1632, -7.98735, 26.1645
-7.24716, -8.03006, 26.0387
-7.32628, -8.08289, 25.9257
-7.40217, -8.14493, 25.8256
-7.47618, -8.21525, 25.7388
-7.54944, -8.2929, 25.6654
-7.62283, -8.3769, 25.6059
-7.69707, -8.46625, 25.5604
-7.77267, -8.55992, 25.5293
-7.85001, -8.65685, 25.5129
-7.92929, -8.75593, 25.5113
-8.01059, -8.85604, 25.5248
-8.09387, -8.956, 25.5533
-8.17897, -9.05461, 25.5968
-8.26561, -9.15065, 25.6552
-8.35342, -9.24285, 25.7282
-8.44194, -9.32994, 25.8154
-8.53062, -9.41064, 25.9162
-8.61884, -9.48371, 26.03
-8.70591, -9.54789, 26.1558
-8.79107, -9.60199, 26.2925
-8.87351, -9.64491, 26.4389
-8.95241, -9.67561, 26.5936
-9.0269, -9.69318, 26.7549
-9.09609, -9.69687, 26.9212
-9.15913, -9.68606, 27.0904
-9.21514, -9.66038, 27.2605
-9.26333, -9.61963, 27.4294
-9.30292, -9.56386, 27.5949
-9.33323, -9.49337, 27.7548
-9.35366, -9.40871, 27.9068
-9.36372, -9.31067, 28.0488
-9.36305, -9.20032, 28.1786
-9.35142, -9.07891, 28.2944
-9.32874, -8.94795, 28.3945
-9.29508, -8.80909, 28.4773
-9.25069, -8.66413, 28.5415
-9.19595, -8.515, 28.5863
-9.13142, -8.36365, 28.6108
-9.05778, -8.21207, 28.6147
-8.97588, -8.06222, 28.598
-8.88667, -7.91599, 28.5609
-8.7912, -7.77517, 28.5038
-8.69062, -7.64143, 28.4277
-8.58614, -7.51625, 28.3333
-8.47899, -7.40096, 28.2221
-8.37043, -7.2967, 28.0953
-8.26174, -7.20441, 27.9545
-8.15412, -7.12486, 27.8012
-8.0488, -7.05862, 27.6373
-7.94689, -7.00609, 27.4643
-7.84947, -6.96754, 27.2841
-7.75753, -6.94306, 27.0985
-7.67197, -6.93265, 26.9092
-7.59361, -6.93617, 26.7179
-7.52316, -6.95343, 26.5263
-7.46126, -6.98413, 26.336
-7.40842, -7.02791, 26.1487
-7.36511, -7.08438, 25.9658
-7.33167, -7.15308, 25.789
-7.30837, -7.23351, 25.6196
-7.29541, -7.32516, 25.459
-7.29291, -7.42744, 25.3085
-7.30091, -7.53976, 25.1696
-7.31941, -7.66147, 25.0433
-7.34832, -7.79188, 24.931
-7.3875, -7.93023, 24.8338
-7.43674, -8.07571, 24.7529
-7.49578, -8.22743, 24.6892
-7.56429, -8.38443, 24.6437
-7.64189, -8.54564, 24.6175
-7.72812, -8.70991, 24.6112
-7.82245, -8.87595, 24.6258
-7.9243, -9.04237, 24.6617
-8.03298, -9.20768, 24.7196
-8.14774, -9.37023, 24.7996
-8.26775, -9.52827, 24.9021
-8.39205, -9.67995, 25.0268
-8.51964, -9.82328, 25.1735
-8.64939, -9.95623, 25.3417
-8.78009, -10.0767, 25.5304
-8.91043, -10.1825, 25.7385
-9.03902, -10.2717, 25.9644
-9.16439, -10.342, 26.2063
-9.285, -10.3917, 26.4619
-9.39927, -10.4189, 26.7286
-9.50558, -10.4222, 27.0033
-9.60232, -10.4003, 27.2827
-9.68788, -10.3525, 27.5634
-9.76075, -10.2784, 27.8413
-9.81949, -10.1779, 28.1125
-9.86279, -10.0518, 28.373
-9.88953, -9.90109, 28.6187
-9.89878, -9.7275, 28.8456
-9.88987, -9.53318, 29.05
-9.8624, -9.32078, 29.2286
-9.81628, -9.09335, 29.3784
-9.75171, -8.85428, 29.4969
-9.66923, -8.60719, 29.5822
-9.56969, -8.35582, 29.6332
-9.45425, -8.10394, 29.6492
-9.32433, -7.85523, 29.6301
-9.18161, -7.61317, 29.5767
-9.02798, -7.381, 29.4899
-8.86547, -7.1616, 29.3716
-8.69623, -6.95747, 29.2238
-8.52246, -6.77067, 29.0488
-8.34637, -6.60287, 28.8493
-8.17015, -6.4553, 28.6281
-7.99587, -6.32882, 28.3882
-7.82554, -6.2239, 28.1323
-7.66098, -6.14074, 27.8635
-7.50388, -6.07923, 27.5846
-7.35576, -6.03908, 27.2982
-7.21792, -6.01982, 27.007
-7.09153, -6.02086, 26.7134
-6.97753, -6.04154, 26.4199
-6.87674, -6.08114, 26.1286
-6.78978, -6.13892, 25.8415
-6.71716, -6.21415, 25.5606
-6.65923, -6.30613, 25.2879
-6.61625, -6.41415, 25.0251
-6.58837, -6.53757, 24.7738
-6.57565, -6.67574, 24.5358
-6.57809, -6.82805, 24.3126
-6.59559, -6.99389, 24.1059
-6.62804, -7.17266, 23.9171
-6.67526, -7.36371, 23.7479
-6.73701, -7.56638, 23.5998
-6.81304, -7.7799, 23.4743
-6.90301, -8.00346, 23.373
-7.00656, -8.23609, 23.2973
-7.12329, -8.47669, 23.249
-7.25269, -8.724, 23.2293
-7.39422, -8.97654, 23.2398
-7.54724, -9.2326, 23.2818
-7.711, -9.49022, 23.3566
-7.88464, -9.74716, 23.4653
-8.06719, -10.0009, 23.6088
-8.25751, -10.2486, 23.7878
-8.45429, -10.487, 24.0026
-8.65607, -10.7128, 24.2533
-8.86117, -10.9223, 24.5392
-9.06771, -11.1114, 24.8594
-9.27362, -11.2761, 25.2121
-9.4766, -11.4122, 25.595
-9.67416, -11.5156, 26.005
-9.86364, -11.5823, 26.438
-10.0422, -11.6086, 26.8894
-10.2069, -11.5914, 27.3535
-10.3548, -11.5282, 27.8238
-10.4829, -11.4173, 28.2935
-10.5883, -11.258, 28.7547
-10.6683, -11.051, 29.1997
-10.7204, -10.7978, 29.6202
-10.7427, -10.5016, 30.0084
-10.7335, -10.1665, 30.3567
-10.6917, -9.79795, 30.6584
-10.617, -9.40241, 30.9076
-10.5097, -8.98702, 31.0997
-10.3706, -8.55944, 31.2315
-10.2015, -8.12752, 31.3011
-10.0047, -7.69899, 31.3084
-9.78302, -7.28116, 31.2545
-9.53991, -6.88067, 31.1418
-9.27913, -6.50327, 30.9739
-9.00473, -6.15372, 30.7552
-8.72086, -5.83568, 30.4908
-8.43169, -5.55175, 30.1862
-8.14128, -5.30349, 29.847
-7.85347, -5.09155, 29.4787
-7.5718, -4.91578, 29.0868
-7.29947, -4.77539, 28.6764
-7.03927, -4.6691, 28.2523
-6.7936, -4.5953, 27.8186
-6.56443, -4.55216, 27.3793
-6.35334, -4.53776, 26.9378
-6.16157, -4.55021, 26.4971
-5.98999, -4.58767, 26.0601
-5.83919, -4.64844, 25.629
-5.70953, -4.73102, 25.206
-5.60114, -4.83408, 24.793
-5.514, -4.95651, 24.3919
-5.44796, -5.09739, 24.0042
-5.40278, -5.25601, 23.6315
-5.37816, -5.43182, 23.2753
-5.37378, -5.62446, 22.9371
-5.38927, -5.83365, 22.6184
-5.42432, -6.05927, 22.3208
-5.47858, -6.30122, 22.0459
-5.55177, -6.55949, 21.7954
-5.64361, -6.83403, 21.571
-5.75385, -7.12477, 21.3746
-5.88227, -7.43157, 21.2084
-6.02866, -7.75414, 21.0744
-6.19281, -8.09204, 20.9751
-6.37449, -8.44455, 20.9128
-6.57346, -8.81071, 20.8902
-6.78938, -9.18915, 20.91
-7.02186, -9.57809, 20.9749
-7.27036, -9.97522, 21.088
-7.53421, -10.3777, 21.2519
-7.81252, -10.7819, 21.4694
-8.10417, -11.1835, 21.7431
-8.40773, -11.5776, 22.0752
-8.72144, -11.9582, 22.4674
-9.04314, -12.3184, 22.9207
-9.37024, -12.6509, 23.4352
-9.69965, -12.9471, 24.0098
-10.0278, -13.1982, 24.6421
-10.3504, -13.3948, 25.3281
-10.663, -13.5276, 26.0617
-10.9602, -13.5875, 26.8348
-11.2366, -13.5662, 27.6371
-11.486, -13.4566, 28.4562
-11.7023, -13.2537, 29.2776
-11.8794, -12.9549, 30.0851
-12.0113, -12.5605, 30.8611
-12.0925, -12.0742, 31.5877
-12.1184, -11.5033, 32.2472
-12.0854, -10.8584, 32.8232
-11.9912, -10.1535, 33.3013
-11.8352, -9.40483, 33.6702
-11.6184, -8.63046, 33.9222
-11.3434, -7.84908, 34.0539
-11.0149, -7.07895, 34.0657
-10.6386, -6.33689, 33.9621
-10.2218, -5.63748, 33.7511
-9.77272, -4.99239, 33.443
-9.2999, -4.41011, 33.0503
-8.81216, -3.89589, 32.5859
-8.3181, -3.45194, 32.0632
-7.82576, -3.07784, 31.4948
-7.34241, -2.77105, 30.8924
-6.87439, -2.52743, 30.2663
-6.42697, -2.34177, 29.6252
-6.00437, -2.20832, 28.9765
-5.60977, -2.12114, 28.326
-5.24539, -2.07444, 27.6785
-4.91258, -2.06278, 27.0376
-4.61197, -2.08126, 26.4061
-4.34356, -2.12556, 25.7859
-4.10687, -2.19201, 25.1786
-3.90107, -2.27759, 24.5854
-3.72503, -2.37988, 24.0071
-3.5775, -2.49701, 23.4442
-3.45711, -2.62765, 22.8974
-3.36247, -2.77093, 22.367
-3.29224, -2.92638, 21.8534
-3.24513, -3.09387, 21.3571
-3.21999, -3.27359, 20.8784
-3.21575, -3.46601, 20.418
-3.23154, -3.67177, 19.9762
-3.26661, -3.89176, 19.5538
-3.32037, -4.12701, 19.1516
-3.39241, -4.37866, 18.7704
-3.48247, -4.648, 18.4112
-3.59045, -4.9364, 18.0754
-3.7164, -5.24527, 17.7644
-3.86051, -5.57611, 17.4798
-4.0231, -5.93039, 17.2236
-4.20462, -6.30959, 16.998
-4.40564, -6.71512, 16.8058
-4.6268, -7.14826, 16.6498
-4.86883, -7.61015, 16.5335
-5.13253, -8.10164, 16.4609
-5.41869, -8.62325, 16.4364
-5.72811, -9.17503, 16.4649
-6.06155, -9.75638, 16.5521
-6.41965, -10.3659, 16.704
-6.8029, -11.0013, 16.9275
-7.21153, -11.6589, 17.2297
-7.64546, -12.3335, 17.6182
-8.10415, -13.0182, 18.101
-8.58649, -13.7039, 18.6857
-9.09065, -14.3792, 19.3798
-9.61393, -15.0298, 20.1897
-10.1526, -15.6389, 21.1203
-10.7015, -16.1864, 22.174
-11.2544, -16.6498, 23.3499
-11.8031, -17.0043, 24.6427
-12.3379, -17.2235, 26.0416
-12.8475, -17.2812, 27.5293
-13.3188, -17.1528, 29.0809
-13.7372, -16.8174, 30.6642
-14.0875, -16.2606, 32.2395
-14.3538, -15.4772, 33.7611
-14.5211, -14.4728, 35.1794
-14.5755, -13.2661, 36.4446
-14.5064, -11.8883, 37.5102
-14.3067, -10.3825, 38.3377
-13.974, -8.80051, 38.9001
-13.5115, -7.19844, 39.1852
-12.9279, -5.63197, 39.1964
-12.2372, -4.15129, 38.952
-11.4574, -2.79701, 38.4821
-10.6095, -1.59765, 37.8254
-9.71622, -0.568836, 37.0242
-8.79987, 0.285867, 36.1201
-7.88142, 0.972926, 35.1512
-6.97935, 1.50617, 34.1498
-6.109, 1.90402, 33.1413
-5.28231, 2.18708, 32.1446
-4.50778, 2.37613, 31.1723
-3.79084, 2.49087, 30.2322
-3.13415, 2.54899, 29.3286
-2.53813, 2.56589, 28.4626
-2.00143, 2.55448, 27.6338
-1.52133, 2.52538, 26.8407
-1.09421, 2.48711, 26.0813
-0.715811, 2.44635, 25.3531
-0.381554, 2.40827, 24.654
-0.0867278, 2.37676, 23.9817
0.173346, 2.35471, 23.3345
0.403201, 2.34423, 22.7106
0.607148, 2.34682, 22.1088
0.789225, 2.36352, 21.5278
0.953176, 2.39509, 20.9667
1.10244, 2.44205, 20.4248
1.24016, 2.50481, 19.9014
1.36918, 2.58371, 19.3962
1.49212, 2.67913, 18.9088
1.61131, 2.79144, 18.4392
1.72892, 2.92112, 17.9871
1.8469, 3.06873, 17.5527
1.96707, 3.23495, 17.1362
2.09112, 3.42061, 16.7378
2.22064, 3.62666, 16.3582
2.35715, 3.85419, 15.9978
2.5021, 4.10445, 15.6576
2.65694, 4.37884, 15.3385
2.82309, 4.67889, 15.0417
3.00198, 5.00625, 14.769
3.19504, 5.36272, 14.522
3.40377, 5.75016, 14.3029
3.62968, 6.17051, 14.1146
3.87432, 6.62571, 13.9599
4.1393, 7.11768, 13.8427
4.42625, 7.64821, 13.7671
4.73684, 8.21889, 13.7382
5.07275, 8.83093, 13.7617
5.43561, 9.48505, 13.8443
5.82703, 10.1812, 13.9935
6.24846, 10.9185, 14.2179
6.70117, 11.6946, 14.5271
7.18613, 12.5054, 14.9316
7.7039, 13.3448, 15.4428
8.25446, 14.2042, 16.0728
8.83701, 15.0714, 16.8341
9.44979, 15.9307, 17.739
10.0897, 16.7619, 18.7985
10.7523, 17.5401, 20.022
11.4309, 18.2355, 21.415
12.1169, 18.8132, 22.9782
12.799, 19.2343, 24.705
13.4633, 19.4574, 26.5795
14.0929, 19.4404, 28.5746
14.6683, 19.1446, 30.6504
15.1675, 18.5388, 32.7536
15.567, 17.604, 34.8183
15.843, 16.3386, 36.7691
15.973, 14.7623, 38.5261
15.9376, 12.9181, 40.0121
15.723, 10.8709, 41.161
15.3227, 8.70339, 41.9261
14.739, 6.50765, 42.2864
13.9835, 4.37552, 42.2493
13.0766, 2.38848, 41.8494
12.0462, 0.609569, 41.1426
10.9249, -0.921197, 40.1977
9.74728, -2.18748, 39.0874
8.54705, -3.19375, 37.88
7.35483, -3.96023, 36.6333
6.19643, -4.51712, 35.3927
5.09204, -4.89922, 34.1897
4.05615, -5.14179, 33.0443
3.0979, -5.27766, 31.9669
2.22184, -5.33572, 30.9606
1.42879, -5.3403, 30.0242
0.716698, -5.31122, 29.1534
0.0814164, -5.26416, 28.3429
-0.482585, -5.21126, 27.5868
-0.981689, -5.1617, 26.8792
-1.4227, -5.12232, 26.2153
-1.81252, -5.09806, 25.5904
-2.15792, -5.09243, 25.0009
-2.4654, -5.10787, 24.444
-2.74107, -5.14596, 23.9174
-2.99059, -5.20774, 23.4194
-3.21917, -5.29381, 22.9489
-3.43154, -5.40448, 22.5051
-3.63198, -5.53988, 22.088
-3.82435, -5.70004, 21.6974
-4.0121, -5.88492, 21.3338
-4.19831, -6.09445, 20.9978
-4.38574, -6.32854, 20.6906
-4.57686, -6.58711, 20.4132
-4.77386, -6.87003, 20.1673
-4.97868, -7.17713, 19.9546
-5.19306, -7.50815, 19.7771
-5.41853, -7.86272, 19.6374
-5.65642, -8.24026, 19.5379
-5.90789, -8.63995, 19.4817
-6.17389, -9.06061, 19.472
-6.45517, -9.50065, 19.5123
-6.75228, -9.95791, 19.6063
-7.06549, -10.4296, 19.7581
-7.39479, -10.9122, 19.9716
-7.73987, -11.401, 20.2509
-8.09998, -11.8907, 20.5999
-8.47397, -12.3745, 21.0224
-8.86014, -12.8444, 21.5213
-9.2562, -13.2912, 22.0988
-9.65921, -13.7041, 22.756
-10.0655, -14.0713, 23.4924
-10.4704, -14.38, 24.3053
-10.8688, -14.6163, 25.1897
-11.2544, -14.7663, 26.1377
-11.6201, -14.8164, 27.138
-11.9581, -14.7542, 28.1759
-12.2602, -14.5694, 29.2332
-12.5176, -14.2546, 30.2885
-12.7216, -13.8067, 31.3176
-12.8636, -13.2276, 32.2944
-12.9362, -12.5247, 33.1927
-12.933, -11.7112, 33.9867
-12.8494, -10.806, 34.6538
-12.6831, -9.83225, 35.1754
-12.4343, -8.81681, 35.5387
-12.1058, -7.78792, 35.7372
-11.7033, -6.77353, 35.7716
-11.2346, -5.79938, 35.6489
-10.7098, -4.88742, 35.3817
-10.1405, -4.05474, 34.9868
-9.53897, -3.31299, 34.4838
-8.91783, -2.66839, 33.893
-8.28923, -2.12226, 33.2346
-7.66443, -1.67179, 32.5271
-7.05335, -1.31103, 31.7869
-6.46437, -1.03188, 31.0278
-5.9042, -0.825058, 30.2607
-5.37792, -0.680837, 29.4945
-4.88902, -0.589659, 28.7353
-4.43961, -0.542563, 27.9877
-4.0306, -0.53145, 27.2548
-3.66189, -0.549226, 26.5386
-3.3326, -0.58985, 25.8401
-3.04125, -0.64831, 25.1598
-2.78595, -0.720556, 24.4979
-2.56451, -0.803411, 23.8542
-2.37464, -0.894472, 23.2285
-2.21396, -0.992, 22.6204
-2.08016, -1.09482, 22.0295
-1.971, -1.20225, 21.4556
-1.8844, -1.31399, 20.8982
-1.81844, -1.43006, 20.357
-1.7714, -1.55077, 19.8318
-1.74175, -1.67664, 19.3224
-1.72817, -1.80837, 18.8286
-1.72955, -1.94682, 18.3503
-1.74497, -2.09296, 17.8875
-1.77371, -2.24791, 17.4401
-1.81524, -2.41287, 17.0083
-1.86921, -2.58913, 16.5922
-1.93541, -2.7781, 16.1921
-2.01384, -2.98127, 15.8082
-2.10461, -3.20021, 15.4411
-2.20801, -3.43663, 15.0914
-2.32447, -3.69232, 14.7598
-2.45453, -3.96917, 14.4473
-2.59889, -4.26918, 14.155
-2.75839, -4.59447, 13.8844
-2.93398, -4.94724, 13.6371
-3.12675, -5.32981, 13.4152
-3.3379, -5.74453, 13.2211
-3.56877, -6.19384, 13.0578
-3.8208, -6.68013, 12.9286
-4.09554, -7.20576, 12.8377
-4.39463, -7.77294, 12.7898
-4.71978, -8.38364, 12.7905
-5.07274, -9.0394, 12.8463
-5.45527, -9.7412, 12.9645
-5.86911, -10.4892, 13.1539
-6.31584, -11.2823, 13.424
-6.79688, -12.1181, 13.7859
-7.31331, -12.992, 14.2515
-7.86574, -13.8971, 14.8342
-8.45416, -14.8232, 15.5477
-9.07764, -15.7564, 16.4065
-9.73413, -16.6781, 17.4246
-10.4201, -17.5648, 18.6149
-11.1302, -18.3869, 19.9876
-11.8567, -19.1093, 21.5488
-12.5896, -19.6909, 23.2979
-13.3155, -20.086, 25.2257
-14.0181, -20.2463, 27.3113
-14.6775, -20.1239, 29.5201
-15.2707, -19.6758, 31.8017
-15.7723, -18.8696, 34.0902
-16.1552, -17.6897, 36.3052
-16.3926, -16.1428, 38.3569
-16.4596, -14.2627, 40.1528
-16.3364, -12.1108, 41.608
-16.0102, -9.77314, 42.655
-15.4778, -7.35297, 43.2536
-14.7467, -4.95931, 43.3971
-13.8353, -2.69428, 43.1128
-12.7715, -0.641602, 42.4574
-11.5906, 1.14118, 41.5079
-10.3316, 2.62549, 40.3499
-9.03354, 3.80953, 39.0664
-7.73305, 4.71271, 37.7301
-6.46142, 5.36836, 36.398
-5.24362, 5.81682, 35.1106
-4.09788, 6.0997, 33.8932
-3.03602, 6.25612, 32.7589
-2.0643, 6.32043, 31.7116
-1.18443, 6.32145, 30.7492
-0.394653, 6.28243, 29.866
0.309334, 6.22159, 29.0547
0.933504, 6.15286, 28.3076
1.48485, 6.08665, 27.6172
1.97089, 6.03057, 26.977
2.39924, 5.99005, 26.3811
2.77739, 5.96883, 25.8249
3.11251, 5.96944, 25.3045
3.41132, 5.99343, 24.8172
3.68004, 6.0417, 24.3607
3.92437, 6.11466, 23.9335
4.14945, 6.21236, 23.5347
4.35991, 6.33463, 23.1638
4.55989, 6.48112, 22.8207
4.75305, 6.65139, 22.5058
4.94265, 6.84491, 22.2197
5.13152, 7.06108, 21.9633
5.32216, 7.29923, 21.7376
5.51672, 7.55864, 21.5441
5.71708, 7.83844, 21.3845
5.92482, 8.13768, 21.2605
6.14126, 8.45517, 21.1741
6.36747, 8.78954, 21.1276
6.60428, 9.13908, 21.1234
6.85228, 9.50177, 21.1638
7.11179, 9.87513, 21.2515
7.38286, 10.2562, 21.389
7.66527, 10.6414, 21.5788
7.95845, 11.0265, 21.8233
8.26152, 11.4067, 22.1246
8.57319, 11.7763, 22.4843
8.89175, 12.1288, 22.9035
9.21505, 12.4571, 23.3823
9.54042, 12.7532, 23.9201
9.86468, 13.0087, 24.5147
10.1841, 13.2148, 25.1626
10.4945, 13.3623, 25.8585
10.7911, 13.4424, 26.5952
11.0687, 13.4469, 27.3635
11.3217, 13.3688, 28.1519
11.5442, 13.2025, 28.9473
11.7305, 12.9448, 29.7345
11.8747, 12.595, 30.4972
11.9715, 12.1556, 31.2185
12.0163, 11.6322, 31.8811
12.0052, 11.034, 32.4689
11.9356, 10.373, 32.9674
11.8065, 9.66404, 33.3647
11.6181, 8.92368, 33.6522
11.3726, 8.16953, 33.8249
11.0735, 7.41919, 33.8816
10.7262, 6.6893, 33.8253
10.3369, 5.99464, 33.662
9.91328, 5.34753, 33.4007
9.46335, 4.75738, 33.0523
8.99551, 4.23056, 32.6291
8.51813, 3.77048, 32.1436
8.03914, 3.37791, 31.6082
7.56588, 3.05138, 31.0343
7.10483, 2.78769, 30.4326
6.66153, 2.58241, 29.812
6.2405, 2.43036, 29.1804
5.84529, 2.32601, 28.5439
5.47847, 2.26382, 27.9079
5.14176, 2.2385, 27.2762
4.83612, 2.24517, 26.6521
4.56189, 2.27947, 26.0379
4.31885, 2.33764, 25.4356
4.1064, 2.41652, 24.8463
3.92365, 2.51354, 24.2712
3.76949, 2.62668, 23.7111
3.64268, 2.75446, 23.1666
3.54195, 2.89585, 22.6383
3.46603, 3.05024, 22.1267
3.41368, 3.21736, 21.6322
3.38377, 3.3973, 21.1555
3.37528, 3.5904, 20.6969
3.38731, 3.79722, 20.2573
3.4191, 4.01854, 19.8372
3.47007, 4.25531, 19.4374
3.53976, 4.50859, 19.0591
3.62789, 4.77959, 18.7031
3.73431, 5.06959, 18.3709
3.85904, 5.37994, 18.0639
4.00223, 5.71201, 17.7839
4.16414, 6.06719, 17.5328
4.34517, 6.44683, 17.313
4.54581, 6.85222, 17.1271
4.76667, 7.2845, 16.9781
5.00838, 7.74462, 16.8696
5.27165, 8.23326, 16.8053
